K,Fold,Epoch,Batch,Dropout,Train Accuracy,Val Accuracy,Test Accuracy,Train Loss,Val Loss,Precision,Recall,F1_Score_Asli,F1_Score_Palsu,F1_Macro,Confusion_Flat
3,1,10,16,0.2,0.8573875427246094,0.8373425006866455,0.8283261656761169,0.3436380624771118,0.37683767080307,0.8703931651196605,0.8373424971363116,0.8729306487695749,0.7740652346857597,0.8234979417276673,"[[1951, 483], [85, 973]]"
3,2,10,16,0.2,0.6941781044006348,0.7436264753341675,0.735336184501648,0.6012235283851624,0.5200986862182617,0.7508127602941616,0.7436264680607276,0.812329628853009,0.5955716222322639,0.7039506255426364,"[[1937, 496], [399, 659]]"
3,3,10,16,0.2,0.8492009043693542,0.8519048690795898,0.8669527769088745,0.3475455641746521,0.3337402641773224,0.8548449644930656,0.8519048983099399,0.8923589423277118,0.7627351996328591,0.8275470709802855,"[[2143, 290], [227, 831]]"
3,1,10,16,0.3,0.8292989134788513,0.8313287496566772,0.8254649639129639,0.3959406912326813,0.3719687759876251,0.8569056640564273,0.8313287514318443,0.8701785320696496,0.7592970984879445,0.814737815278797,"[[1974, 460], [129, 929]]"
3,2,10,16,0.3,0.8573059439659119,0.8458894491195679,0.8555078506469727,0.3399845063686371,0.3434457182884216,0.8457265902203327,0.8458894299627614,0.8895277207392197,0.7452651515151515,0.8173964361271856,"[[2166, 267], [271, 787]]"
3,3,10,16,0.3,0.8453196287155151,0.8395875096321106,0.8454935550689697,0.3545090556144714,0.3702382743358612,0.8628052071155096,0.8395875107419077,0.8770311813790075,0.7693574958813838,0.8231943386301956,"[[1997, 436], [124, 934]]"
3,1,10,16,0.5,0.7187713980674744,0.8210194706916809,0.8082975745201111,0.5423031449317932,0.4054726362228393,0.8459371016621291,0.8210194730813287,0.8625467341104025,0.7435371358227328,0.8030419349665676,"[[1961, 473], [152, 906]]"
3,2,10,16,0.5,0.8554794788360596,0.8344314098358154,0.8526466488838196,0.3492033183574676,0.3569580912590027,0.853040203467002,0.8344313950157548,0.8744024337244676,0.7571428571428571,0.8157726454336623,"[[2012, 421], [157, 901]]"
3,3,10,16,0.5,0.5319634675979614,0.613291323184967,0.5951359272003174,0.6903327107429504,0.6870711445808411,0.7201757453374377,0.6132913205385276,0.6613146011038635,0.5493991989319092,0.6053569000178864,"[[1318, 1115], [235, 823]]"
3,1,10,32,0.2,0.8455126881599426,0.8413516879081726,0.8240343332290649,0.363623559474945,0.351504772901535,0.8649167190030699,0.8413516609392898,0.8782952548330404,0.772203947368421,0.8252496011007306,"[[1999, 435], [119, 939]]"
3,2,10,32,0.2,0.8405250906944275,0.8249785304069519,0.8469241857528687,0.3670959770679474,0.3728635013103485,0.8497381565267924,0.8249785161844744,0.8655665566556656,0.7492819039803037,0.8074242303179846,"[[1967, 466], [145, 913]]"
3,3,10,32,0.2,0.8365296721458435,0.8401604294776917,0.8497853875160217,0.3695663809776306,0.3511025309562683,0.8576002264077386,0.8401604124892581,0.8790112749349523,0.7645569620253164,0.8217841184801344,"[[2027, 406], [152, 906]]"
3,1,10,32,0.3,0.8445992469787598,0.8313287496566772,0.8154506683349609,0.3666586577892303,0.3806323707103729,0.8659632182938742,0.8313287514318443,0.8679076026014801,0.7667326732673267,0.8173201379344035,"[[1935, 499], [90, 968]]"
3,2,10,32,0.3,0.8408675789833069,0.819822371006012,0.8354792594909668,0.3656867742538452,0.3995358645915985,0.8483004304586901,0.8198224004583214,0.8606248615111899,0.745240988254354,0.8029329248827719,"[[1942, 491], [138, 920]]"
3,3,10,32,0.3,0.8228310346603394,0.8209682106971741,0.8197425007820129,0.4052598476409912,0.3980998694896698,0.8519242092479192,0.8209682039530221,0.86083277666444,0.7490967482938579,0.8049647624791489,"[[1933, 500], [125, 933]]"
3,1,10,32,0.5,0.8355789184570312,0.8419243693351746,0.8383404612541199,0.3762901425361633,0.3415919244289398,0.8591087460880931,0.8419243986254296,0.8804159445407279,0.7668918918918919,0.8236539182163098,"[[2032, 402], [150, 908]]"
3,2,10,32,0.5,0.850570797920227,0.8507590889930725,0.8597997426986694,0.3503725528717041,0.3439520001411438,0.8551889774427287,0.8507590948152391,0.8909357337240946,0.763718820861678,0.8273272772928864,"[[2128, 305], [216, 842]]"
3,3,10,32,0.5,0.8445205688476562,0.8224004507064819,0.822603702545166,0.3609717488288879,0.3930885195732116,0.8557953844757568,0.8224004583213979,0.8612975391498882,0.7531847133757962,0.8072411262628422,"[[1925, 508], [112, 946]]"
3,1,10,64,0.2,0.82986980676651,0.8439289927482605,0.8197425007820129,0.3765478134155273,0.341520607471466,0.8580742633590007,0.8439289805269187,0.8827704882770488,0.7665952890792291,0.824682888678139,"[[2052, 382], [163, 895]]"
3,2,10,64,0.2,0.803196370601654,0.7891721725463867,0.7997138500213623,0.441182792186737,0.4416931867599487,0.8241013476834158,0.7891721569750788,0.8352730528200537,0.7072394590294352,0.7712562559247444,"[[1866, 567], [169, 889]]"
3,3,10,64,0.2,0.7799086570739746,0.7943282723426819,0.8197425007820129,0.4724619388580322,0.4308085143566131,0.817705535255514,0.7943282727012317,0.8428884026258205,0.7023217247097844,0.7726050636678025,"[[1926, 507], [211, 847]]"
3,1,10,64,0.3,0.7847682237625122,0.7247995138168335,0.7424892783164978,0.4721471667289734,0.5511178970336914,0.8237823286248069,0.7247995418098511,0.7632421778763242,0.6714529914529914,0.7173475846646578,"[[1549, 885], [76, 982]]"
3,2,10,64,0.3,0.8343607187271118,0.8075050115585327,0.8397710919380188,0.3868815898895263,0.3916466832160949,0.8400509575572235,0.8075050128902893,0.8500669344042838,0.7312,0.7906334672021419,"[[1905, 528], [144, 914]]"
3,3,10,64,0.3,0.792694091796875,0.792896032333374,0.8040057420730591,0.4421500265598297,0.4301882684230804,0.8261358058661896,0.792896018332856,0.8386520865878152,0.7109156337465014,0.7747838601671583,"[[1879, 554], [169, 889]]"
3,1,10,64,0.5,0.5151861310005188,0.6970217823982239,0.6967095732688904,0.6981564164161682,0.6664752960205078,0.4858393395343833,0.6970217640320733,0.8214647316908539,0.0,0.41073236584542694,"[[2434, 0], [1058, 0]]"
3,2,10,64,0.5,0.8278538584709167,0.8029217720031738,0.8354792594909668,0.3928419351577759,0.4125378131866455,0.837557441509976,0.8029217989114866,0.8459471562919839,0.7265500794912559,0.7862486178916199,"[[1889, 544], [144, 914]]"
3,3,10,64,0.5,0.7753424644470215,0.7991979122161865,0.7982832789421082,0.4788660705089569,0.4666433930397033,0.8013009495905093,0.7991979375537095,0.8548353696417478,0.67440780306549,0.7646215863536189,"[[2064, 369], [332, 726]]"
3,1,20,16,0.2,0.8812514543533325,0.8528063893318176,0.8297567963600159,0.2886597812175751,0.3481612205505371,0.8830833522390065,0.8528064146620847,0.8854723707664884,0.7940705128205128,0.8397714417935006,"[[1987, 447], [67, 991]]"
3,2,20,16,0.2,0.8680365085601807,0.8633629083633423,0.8769670724868774,0.3181160986423492,0.3143959641456604,0.8670931570103854,0.8633629332569465,0.9003134796238245,0.7828857532999545,0.8415996164618895,"[[2154, 279], [198, 860]]"
3,3,20,16,0.2,0.876369833946228,0.8484674692153931,0.8454935550689697,0.2951183617115021,0.3407164514064789,0.8742297394125113,0.8484674878258379,0.8831455710183345,0.7845213849287169,0.8338334779735257,"[[1999, 434], [95, 963]]"
3,1,20,16,0.3,0.8505366444587708,0.8439289927482605,0.8426323533058167,0.3548933863639831,0.3527292609214782,0.8683483005853045,0.8439289805269187,0.8800352190182699,0.7767308480131094,0.8283830335156896,"[[1999, 435], [110, 948]]"
3,2,20,16,0.3,0.8772830963134766,0.8639358282089233,0.8898426294326782,0.2964410483837127,0.2987343370914459,0.8681046571597131,0.8639358350042967,0.9005652082897215,0.7845804988662132,0.8425728535779673,"[[2151, 282], [193, 865]]"
3,3,20,16,0.3,0.8699771761894226,0.8613577485084534,0.8726752400398254,0.308119386434555,0.3089746534824371,0.8728058176767303,0.8613577771412203,0.896404109589041,0.7904761904761904,0.8434401500326157,"[[2094, 339], [145, 913]]"
3,1,20,16,0.5,0.8807947039604187,0.8622565865516663,0.8512160181999207,0.2927571833133697,0.3189944624900818,0.8826079839340119,0.8622565864833907,0.894863387978142,0.8003320880033209,0.8475977379907315,"[[2047, 387], [94, 964]]"
3,2,20,16,0.5,0.8727169036865234,0.8613577485084534,0.8741058707237244,0.303060919046402,0.3156957030296325,0.868931385909176,0.8613577771412203,0.8975444538526672,0.7856510186005314,0.8415977362265994,"[[2120, 313], [171, 887]]"
3,3,20,16,0.5,0.8332191705703735,0.8000572919845581,0.7925608158111572,0.3922580182552337,0.4383878111839294,0.851188399028852,0.800057290174735,0.8392445877475817,0.7356060606060606,0.7874253241768212,"[[1822, 611], [87, 971]]"
3,1,20,32,0.2,0.854647159576416,0.7983963489532471,0.8025751113891602,0.349270612001419,0.4394755661487579,0.8604552506380909,0.7983963344788088,0.8352059925093633,0.7404129793510325,0.7878094859301978,"[[1784, 650], [54, 1004]]"
3,2,20,32,0.2,0.8706620931625366,0.8447436094284058,0.8655221462249756,0.3097339570522308,0.3385476469993591,0.8648962947345609,0.8447436264680608,0.8817110432125709,0.7741666666666667,0.8279388549396187,"[[2020, 413], [129, 929]]"
3,3,20,32,0.2,0.8221461176872253,0.838728129863739,0.8640915751457214,0.4150773584842682,0.367061048746109,0.8437695270494002,0.8387281581208823,0.8819953888073779,0.7453640886476708,0.8136797387275243,"[[2104, 329], [234, 824]]"
3,1,20,32,0.3,0.8141127824783325,0.8339060544967651,0.80972820520401,0.4305131137371063,0.3851178884506225,0.844208724197288,0.8339060710194731,0.8765957446808511,0.7460595446584939,0.8113276446696724,"[[2060, 374], [206, 852]]"
3,2,20,32,0.3,0.8624429106712341,0.8318533301353455,0.8483548164367676,0.328018307685852,0.3701107501983642,0.8544458712031843,0.8318533371526783,0.871356563664256,0.7573377428689542,0.8143471532666051,"[[1988, 445], [142, 916]]"
3,3,20,32,0.3,0.8624429106712341,0.8527642488479614,0.8640915751457214,0.3229642808437347,0.3292053043842315,0.8725982198822526,0.8527642509309653,0.8878219118288957,0.7858333333333334,0.8368276225811145,"[[2034, 399], [115, 943]]"
3,1,20,32,0.5,0.8736012578010559,0.8602520227432251,0.8426323533058167,0.3085632026195526,0.3326408565044403,0.8824246920051859,0.8602520045819015,0.8929354980254498,0.798845836768343,0.8458906673968964,"[[2035, 399], [89, 969]]"
3,2,20,32,0.5,0.8663241863250732,0.8513320088386536,0.8655221462249756,0.3246557414531708,0.3312705159187317,0.8659032531416838,0.8513319965625895,0.8881224401810736,0.7784891165172856,0.8333057783491795,"[[2060, 373], [146, 912]]"
3,3,20,32,0.5,0.8686072826385498,0.8564881086349487,0.8626609444618225,0.3156517446041107,0.3389171659946441,0.8728378256970962,0.8564881122887424,0.8914879792072774,0.7881606765327696,0.8398243278700235,"[[2058, 375], [126, 932]]"
3,1,20,64,0.2,0.8577300906181335,0.8588201403617859,0.8555078506469727,0.3347181975841522,0.3261380493640899,0.8673847100729895,0.8588201603665521,0.8953957139826013,0.7829150154117129,0.8391553646971571,"[[2110, 324], [169, 889]]"
3,2,20,64,0.2,0.8527397513389587,0.8355771899223328,0.8483548164367676,0.3439089953899383,0.3583166003227234,0.8466111713037048,0.8355771985104554,0.8775597269624573,0.7497820401046208,0.8136708835335391,"[[2057, 376], [198, 860]]"
3,3,20,64,0.2,0.8553652763366699,0.8550558686256409,0.8597997426986694,0.3342345952987671,0.3457019031047821,0.8642455843207324,0.8550558579203666,0.8924319727891157,0.7778753292361721,0.8351536510126438,"[[2099, 334], [172, 886]]"
3,1,20,64,0.3,0.8556748032569885,0.8350515365600586,0.8197425007820129,0.3451918959617615,0.3615864515304565,0.8667446417208964,0.8350515463917526,0.8714859437751004,0.7697841726618705,0.8206350582184854,"[[1953, 481], [95, 963]]"
3,2,20,64,0.3,0.8616438508033752,0.8424520492553711,0.8712446093559265,0.3355164229869842,0.3455201983451843,0.8511371126991856,0.8424520194786594,0.8833757421543681,0.7572815533980582,0.8203286477762132,"[[2083, 350], [200, 858]]"
3,3,20,64,0.3,0.8557077646255493,0.8519048690795898,0.8683834075927734,0.3371719419956207,0.3404593765735626,0.8652490941212686,0.8519048983099399,0.8888888888888888,0.7780163160154573,0.8334526024521731,"[[2068, 365], [152, 906]]"
3,1,20,64,0.5,0.7119205594062805,0.6168385148048401,0.628040075302124,0.5822102427482605,0.6711552739143372,0.7640144461342897,0.6168384879725086,0.6460317460317461,0.5823970037453183,0.6142143748885323,"[[1221, 1213], [125, 933]]"
3,2,20,64,0.5,0.8521689772605896,0.8287023901939392,0.8483548164367676,0.3460029065608978,0.3671627044677734,0.8496923298459923,0.8287023775422515,0.8694323144104803,0.7510407993338885,0.8102365568721843,"[[1991, 442], [156, 902]]"
3,3,20,64,0.5,0.8608447313308716,0.8487539291381836,0.8497853875160217,0.3301356434822082,0.3491648137569427,0.8666143933705346,0.848753938699513,0.8853171155516942,0.7779646761984861,0.8316408958750902,"[[2038, 395], [133, 925]]"
3,1,30,16,0.2,0.8964375257492065,0.8854524493217468,0.8698140382766724,0.2525007128715515,0.2877934277057647,0.892479032708724,0.8854524627720504,0.9153259949195596,0.8230088495575221,0.8691674222385408,"[[2162, 272], [128, 930]]"
3,2,30,16,0.2,0.6655251383781433,0.680607259273529,0.6795421838760376,0.6349222660064697,0.6411048769950867,0.6445488308362518,0.6806072758521914,0.7905316550817209,0.3279083785412899,0.5592200168115053,"[[2104, 329], [786, 272]]"
3,3,30,16,0.2,0.8295661807060242,0.8189630508422852,0.8268955945968628,0.3990896344184875,0.4025158882141113,0.8544478655143333,0.8189630478372959,0.858105074090705,0.75,0.8040525370453525,"[[1911, 522], [110, 948]]"
3,1,30,16,0.3,0.8958666324615479,0.8785796165466309,0.8726752400398254,0.2489599585533142,0.2820843756198883,0.8871891632283286,0.8785796105383734,0.9098639455782312,0.8140350877192982,0.8619495166487647,"[[2140, 294], [130, 928]]"
3,2,30,16,0.3,0.8941780924797058,0.8496133089065552,0.8769670724868774,0.2526022493839264,0.3295228183269501,0.8766669377168677,0.8496132913205385,0.8837209302325582,0.7871909201459262,0.8354559251892422,"[[1995, 438], [87, 971]]"
3,3,30,16,0.3,0.890753448009491,0.8728157877922058,0.8869814276695251,0.2574291229248047,0.2907437086105346,0.8770887232101042,0.8728158120882269,0.9069572506286672,0.7990950226244344,0.8530261366265508,"[[2164, 269], [175, 883]]"
3,1,30,16,0.5,0.8907284736633301,0.869702160358429,0.8483548164367676,0.2641032338142395,0.2874797582626343,0.8835949288043694,0.8697021764032073,0.9019607843137256,0.8058045241143833,0.8538826542140545,"[[2093, 341], [114, 944]]"
3,2,30,16,0.5,0.8892694115638733,0.862790048122406,0.8898426294326782,0.2701831758022308,0.3163384795188904,0.8721101571273622,0.8627900315095961,0.8980634177484571,0.7901883486640385,0.8441258832062478,"[[2110, 323], [156, 902]]"
3,3,30,16,0.5,0.8831050395965576,0.862790048122406,0.8583691120147705,0.2830409109592438,0.3268008232116699,0.8764218272009036,0.8627900315095961,0.8968783638320775,0.7950363714163458,0.8459573676242116,"[[2083, 350], [129, 929]]"
3,1,30,32,0.2,0.8770267367362976,0.862829327583313,0.8397710919380188,0.292691022157669,0.3240174353122711,0.8798592060718682,0.8628293241695304,0.8960729008461705,0.7983157894736842,0.8471943451599273,"[[2065, 369], [110, 948]]"
3,2,30,32,0.2,0.8721461296081543,0.8215411305427551,0.8454935550689697,0.3101159036159515,0.4095991551876068,0.8522410864328183,0.8215411057003724,0.8613398620075673,0.7496986741663318,0.8055192680869496,"[[1935, 498], [125, 933]]"
3,3,30,32,0.2,0.8853881359100342,0.8645087480545044,0.8597997426986694,0.2688811719417572,0.309254914522171,0.8807346696180204,0.8645087367516471,0.8975081256771398,0.8001689902830588,0.8488385579800992,"[[2071, 362], [111, 947]]"
3,1,30,32,0.3,0.8783968687057495,0.8599656224250793,0.8426323533058167,0.2859871983528137,0.357534795999527,0.8824633956291283,0.8599656357388317,0.8926454445664105,0.7986825854261013,0.8456640149962559,"[[2033, 401], [88, 970]]"
3,2,30,32,0.3,0.8409817218780518,0.8404468894004822,0.8497853875160217,0.3766676485538482,0.3576565980911255,0.8512436166351145,0.8404468633629333,0.8812113457027084,0.7570867858700393,0.8191490657863738,"[[2066, 367], [190, 868]]"
3,3,30,32,0.3,0.8472602963447571,0.851045548915863,0.8669527769088745,0.3573844134807586,0.34221351146698,0.8622045195489105,0.8510455456889143,0.8888888888888888,0.7741094700260643,0.8314991794574766,"[[2080, 353], [167, 891]]"
3,1,30,32,0.5,0.8817081451416016,0.8722795248031616,0.8612303137779236,0.277822345495224,0.2872312068939209,0.8863364047635381,0.8722794959908362,0.903837861147046,0.8098891730605285,0.8568635171037873,"[[2096, 338], [108, 950]]"
3,2,30,32,0.5,0.8795661926269531,0.8519048690795898,0.8812589645385742,0.2891209721565246,0.3262747526168823,0.8682463555795498,0.8519048983099399,0.8880710110413509,0.7812103258569615,0.8346406684491562,"[[2051, 382], [135, 923]]"
3,3,30,32,0.5,0.8768264651298523,0.862790048122406,0.8655221462249756,0.287849485874176,0.3123706877231598,0.8742691134729902,0.8627900315095961,0.8974523656604582,0.7927304197317179,0.845091392696088,"[[2096, 337], [142, 916]]"
3,1,30,64,0.2,0.8471112251281738,0.8648338913917542,0.8583691120147705,0.3509751558303833,0.3140010237693786,0.8688158022149223,0.8648339060710195,0.9012965286491008,0.7856494096276113,0.843472969138356,"[[2155, 279], [193, 865]]"
3,2,30,64,0.2,0.8728310465812683,0.8484674692153931,0.8569384813308716,0.3018427789211273,0.3437813222408294,0.861428382613857,0.8484674878258379,0.8864563210989482,0.7722772277227723,0.8293667744108603,"[[2065, 368], [161, 897]]"
3,3,30,64,0.2,0.8675799369812012,0.8441707491874695,0.8483548164367676,0.3097462356090545,0.3678905963897705,0.8669943801940277,0.8441707247207104,0.8805970149253731,0.7757625721352019,0.8281797935302875,"[[2006, 427], [117, 941]]"
3,1,30,64,0.3,0.8532770276069641,0.8407789468765259,0.832617998123169,0.332849770784378,0.3422761261463165,0.8669587154384275,0.8407789232531501,0.877208480565371,0.7736156351791531,0.8254120578722621,"[[1986, 448], [108, 950]]"
3,2,30,64,0.3,0.8730593323707581,0.8524777889251709,0.8726752400398254,0.3027964830398559,0.3363050520420074,0.8633522797157773,0.8524778000572901,0.8900277599829169,0.7759895606785558,0.8330086603307364,"[[2084, 349], [166, 892]]"
3,3,30,64,0.3,0.8745433688163757,0.8599255084991455,0.8683834075927734,0.2990623712539673,0.328679084777832,0.872982425297505,0.8599255227728445,0.8949065119277885,0.7900386431945041,0.8424725775611464,"[[2082, 351], [138, 920]]"
3,1,30,64,0.5,0.8458552360534668,0.8502290844917297,0.8311874270439148,0.3554517328739166,0.3509808182716369,0.8677477311306904,0.8502290950744559,0.8865263614666956,0.7797894736842105,0.8331579175754531,"[[2043, 391], [132, 926]]"
3,2,30,64,0.5,0.8737443089485168,0.8301346302032471,0.8412017226219177,0.3083103597164154,0.3969265222549438,0.8673359437430228,0.8301346319106273,0.866351138156412,0.7669941060903733,0.8166726221233926,"[[1922, 511], [82, 976]]"
3,3,30,64,0.5,0.8697488307952881,0.8582068085670471,0.8769670724868774,0.3062411546707153,0.3181698620319366,0.8732280076237414,0.8582068175307934,0.8931116389548693,0.7894512973202893,0.8412814681375793,"[[2068, 365], [130, 928]]"
5,1,10,16,0.2,0.8670091032981873,0.844391405582428,0.8472553491592407,0.3250158429145813,0.3355389833450317,0.8609820051167345,0.8443914081145585,0.8823953823953824,0.770098730606488,0.8262470565009352,"[[1223, 237], [89, 546]]"
5,2,10,16,0.2,0.8659626841545105,0.8448687195777893,0.825775682926178,0.3195095956325531,0.3591561317443847,0.8752558700670905,0.8448687350835322,0.8793167471221686,0.7828991315965264,0.8311079393593475,"[[1184, 276], [49, 586]]"
5,3,10,16,0.2,0.8661529421806335,0.8248209953308105,0.8472553491592407,0.3177398443222046,0.3954060077667236,0.8583911899177078,0.8248210023866348,0.8631107795598657,0.7567925778661365,0.8099516787130011,"[[1157, 303], [64, 571]]"
5,4,10,16,0.2,0.8404680490493774,0.8181384205818176,0.8221957087516785,0.3693972527980804,0.4131320714950561,0.863653847381179,0.8181384248210024,0.8549676437000381,0.7562380038387716,0.8056028237694048,"[[1123, 337], [44, 591]]"
5,5,10,16,0.2,0.83875572681427,0.8361986875534058,0.8400954604148865,0.3806596994400024,0.3764930367469787,0.85206856319353,0.8361986628462273,0.8765743073047859,0.7565649396735273,0.8165696234891566,"[[1218, 242], [101, 533]]"
5,1,10,16,0.3,0.8524543642997742,0.8386634588241577,0.8305489420890808,0.344763696193695,0.3645385205745697,0.875234236448645,0.8386634844868736,0.8731231231231231,0.7785058977719528,0.825814510447538,"[[1163, 297], [41, 594]]"
5,2,10,16,0.3,0.8613964915275574,0.8477327227592468,0.8245823383331299,0.3292069137096405,0.3429961502552032,0.8678577545839818,0.8477326968973747,0.8839578028373954,0.7786259541984732,0.8312918785179344,"[[1215, 245], [74, 561]]"
5,3,10,16,0.3,0.842751145362854,0.8157517910003662,0.819809079170227,0.376503974199295,0.3967858254909515,0.8451745525159988,0.8157517899761336,0.8572485207100592,0.7402422611036339,0.7987453909068465,"[[1159, 301], [85, 550]]"
5,4,10,16,0.3,0.827625572681427,0.8295942544937134,0.819809079170227,0.3954085409641266,0.3880086243152618,0.8642047519301563,0.8295942720763723,0.8665420560747663,0.7643564356435644,0.8154492458591653,"[[1159, 301], [56, 579]]"
5,5,10,16,0.3,0.82781583070755,0.8242598176002502,0.8162291049957275,0.4018219709396362,0.3813316524028778,0.8419640188147263,0.8242597898758357,0.8671480144404332,0.7404795486600846,0.8038137815502588,"[[1201, 259], [109, 525]]"
5,1,10,16,0.5,0.8532153964042664,0.8610978722572327,0.8651551604270935,0.3423009514808655,0.3096034824848175,0.8765996235646044,0.8610978520286396,0.8951351351351351,0.7943462897526502,0.8447407124438926,"[[1242, 218], [73, 562]]"
5,2,10,16,0.5,0.8519787192344666,0.8625298142433167,0.8293555974960327,0.3462323844432831,0.321685642004013,0.8725807923139375,0.8625298329355608,0.8976545842217484,0.7906976744186046,0.8441761293201765,"[[1263, 197], [91, 544]]"
5,3,10,16,0.5,0.8431316614151001,0.8338901996612549,0.8568019270896912,0.3806838989257812,0.3680374920368194,0.8418492576652213,0.833890214797136,0.8773784355179705,0.742603550295858,0.8099909929069142,"[[1245, 215], [133, 502]]"
5,4,10,16,0.5,0.8475075960159302,0.8539379239082336,0.8699284195899963,0.3529029190540313,0.3312706649303436,0.8736513743461288,0.8539379474940334,0.8887272727272727,0.7875,0.8381136363636363,"[[1222, 238], [68, 567]]"
5,5,10,16,0.5,0.8601598143577576,0.8385864496231079,0.8448687195777893,0.3298816978931427,0.3598631024360657,0.8634389248991177,0.8385864374403056,0.8759177679882526,0.7691256830601093,0.822521725524181,"[[1193, 267], [71, 563]]"
5,1,10,32,0.2,0.8459855318069458,0.8577565550804138,0.8520286679267883,0.355390727519989,0.3202778100967407,0.8720559999601232,0.8577565632458234,0.8929597701149425,0.7880512091038406,0.8405054896093915,"[[1243, 217], [81, 554]]"
5,2,10,32,0.2,0.842751145362854,0.8219570517539978,0.7863962054252625,0.3552672266960144,0.3755913078784942,0.8585203654002309,0.8219570405727924,0.8601424821897263,0.7550886408404465,0.8076155615150864,"[[1147, 313], [60, 575]]"
5,3,10,32,0.2,0.8500760793685913,0.8324582576751709,0.8484486937522888,0.3508979976177215,0.3658862113952636,0.8484362965033821,0.8324582338902148,0.8736955739474631,0.7512402551381998,0.8124679145428315,"[[1214, 246], [105, 530]]"
5,4,10,32,0.2,0.8378044366836548,0.8276849389076233,0.8329355716705322,0.3660599887371063,0.3813090920448303,0.8619582508140259,0.8276849642004773,0.8651475532312289,0.7614011896893589,0.8132743714602939,"[[1158, 302], [59, 576]]"
5,5,10,32,0.2,0.8395167589187622,0.8299904465675354,0.8210023641586304,0.3704599142074585,0.380622535943985,0.8604344750059274,0.8299904489016237,0.8679525222551929,0.7613941018766756,0.8146733120659342,"[[1170, 290], [66, 568]]"
5,1,10,32,0.3,0.8330479264259338,0.8620525002479553,0.8603818416595459,0.3820110857486725,0.3191157281398773,0.870279098399169,0.8620525059665871,0.8978437610463061,0.7876561351947098,0.842749948120508,"[[1270, 190], [99, 536]]"
5,2,10,32,0.3,0.8562595248222351,0.852983295917511,0.8389021754264832,0.3393559455871582,0.3171271681785583,0.8636019188797324,0.8529832935560859,0.8904694167852063,0.7764876632801161,0.8334785400326612,"[[1252, 208], [100, 535]]"
5,3,10,32,0.3,0.8566400408744812,0.8348448872566223,0.8568019270896912,0.338929533958435,0.3614818155765533,0.854985972887698,0.8348448687350836,0.8742732558139535,0.7593880389429764,0.816830647378465,"[[1203, 257], [89, 546]]"
5,4,10,32,0.3,0.8477929830551147,0.8696897625923157,0.8782815933227539,0.3494637906551361,0.3062556087970733,0.8740827207190818,0.8696897374701671,0.904645476772616,0.7942727957799548,0.8494591362762853,"[[1295, 165], [108, 527]]"
5,5,10,32,0.3,0.846936821937561,0.8299904465675354,0.836515486240387,0.3503402173519134,0.3705767393112182,0.8544764416684508,0.8299904489016237,0.8695014662756598,0.7561643835616438,0.8128329249186519,"[[1186, 274], [82, 552]]"
5,1,10,32,0.5,0.8459855318069458,0.8386634588241577,0.8293555974960327,0.3590047061443329,0.3602297306060791,0.855472348958532,0.8386634844868736,0.8780663780663781,0.7616361071932299,0.819851242629804,"[[1217, 243], [95, 540]]"
5,2,10,32,0.5,0.8495053052902222,0.8682577610015869,0.8424820899963379,0.3549573123455047,0.3117185831069946,0.8672254884840017,0.8682577565632458,0.9061224489795918,0.7792,0.842661224489796,"[[1332, 128], [148, 487]]"
5,3,10,32,0.5,0.8555936217308044,0.8238663673400879,0.8472553491592407,0.3450202345848083,0.3920230865478515,0.8523961741078124,0.8238663484486873,0.8636867380864426,0.75118004045853,0.8074333892724863,"[[1169, 291], [78, 557]]"
5,4,10,32,0.5,0.838565468788147,0.8405727744102478,0.8508353233337402,0.365739643573761,0.3506713807582855,0.845060169995228,0.8405727923627685,0.8835425383542538,0.7473524962178517,0.8154475172860527,"[[1267, 193], [141, 494]]"
5,5,10,32,0.5,0.8399924039840698,0.7893982529640198,0.7935560941696167,0.3647924065589905,0.4556034505367279,0.8489554744657853,0.7893982808022922,0.8286047415468325,0.7269349845201238,0.7777698630334782,"[[1066, 394], [47, 587]]"
5,1,10,64,0.2,0.8374239206314087,0.8248209953308105,0.8042959570884705,0.3664782643318176,0.3808950185775757,0.8552232479037842,0.8248210023866348,0.8639228772710419,0.754186202277294,0.809054539774168,"[[1165, 295], [72, 563]]"
5,2,10,64,0.2,0.8157343864440918,0.8458234071731567,0.8305489420890808,0.4146374464035034,0.3694618940353393,0.8493354570653676,0.8458233890214797,0.8877302745915885,0.753998476770754,0.8208643756811713,"[[1277, 183], [140, 495]]"
5,3,10,64,0.2,0.8286719918251038,0.7842482328414917,0.801909327507019,0.3892297446727752,0.4665378332138061,0.8297372077103912,0.7842482100238664,0.8282674772036475,0.7098844672657253,0.7690759722346864,"[[1090, 370], [82, 553]]"
5,4,10,64,0.2,0.8350456357002258,0.8338901996612549,0.8424820899963379,0.373550146818161,0.3557253181934356,0.8467699750626501,0.833890214797136,0.8757142857142857,0.7496402877697842,0.8126772867420349,"[[1226, 234], [114, 521]]"
5,5,10,64,0.2,0.5156963467597961,0.3027698099613189,0.3031026124954223,0.693583607673645,0.7638595700263977,0.0916695630121628,0.3027698185291309,0.0,0.4648093841642228,0.2324046920821114,"[[0, 1460], [0, 634]]"
5,1,10,64,0.3,0.8229642510414124,0.8315035700798035,0.8269689679145813,0.3985300660133362,0.3958030641078949,0.8472168972777848,0.8315035799522673,0.8730672419992809,0.7494677075940384,0.8112674747966596,"[[1214, 246], [107, 528]]"
5,2,10,64,0.3,0.8355212807655334,0.8095465302467346,0.7863962054252625,0.3785890340805053,0.422968327999115,0.8548809872197675,0.809546539379475,0.8482312666413084,0.7443946188340808,0.7963129427376946,"[[1115, 345], [54, 581]]"
5,3,10,64,0.3,0.8348553776741028,0.8424820899963379,0.8329355716705322,0.3724614679813385,0.3769353628158569,0.8559026948002703,0.8424821002386634,0.8818897637795275,0.7636103151862464,0.822750039482887,"[[1232, 228], [102, 533]]"
5,4,10,64,0.3,0.8150684833526611,0.8324582576751709,0.8293555974960327,0.4090142250061035,0.3703394830226898,0.843615619017684,0.8324582338902148,0.8752221827230715,0.7450980392156863,0.8101601109693789,"[[1231, 229], [122, 513]]"
5,5,10,64,0.3,0.8345699906349182,0.8366762399673462,0.836515486240387,0.3752698898315429,0.3636292815208435,0.8445766382771417,0.836676217765043,0.879492600422833,0.7466666666666667,0.8130796335447499,"[[1248, 212], [130, 504]]"
5,1,10,64,0.5,0.8311453461647034,0.8233889937400818,0.8066825866699219,0.3805818855762481,0.3835391402244568,0.8540422062594121,0.8233890214797136,0.862759643916914,0.7523427041499331,0.8075511740334236,"[[1163, 297], [73, 562]]"
5,2,10,64,0.5,0.8181126117706299,0.7747016549110413,0.7505966424942017,0.4121094644069671,0.4620689749717712,0.8420238519928028,0.7747016706443914,0.8144654088050315,0.7132442284325637,0.7638548186187977,"[[1036, 424], [48, 587]]"
5,3,10,64,0.5,0.8118340969085693,0.8214797377586365,0.8341288566589355,0.422453910112381,0.4009334146976471,0.8347900447815452,0.8214797136038187,0.8664285714285714,0.7309352517985611,0.7986819116135663,"[[1213, 247], [127, 508]]"
5,4,10,64,0.5,0.7807267904281616,0.7928401231765747,0.8078758716583252,0.4761799275875091,0.4433234333992004,0.819495702737612,0.7928400954653938,0.8406754772393539,0.703956343792633,0.7723159105159935,"[[1145, 315], [119, 516]]"
5,5,10,64,0.5,0.8161149024963379,0.7058261632919312,0.7136037945747375,0.4156947433948517,0.5416687726974487,0.822137516149888,0.7058261700095511,0.7411764705882353,0.6592920353982301,0.7002342529932327,"[[882, 578], [38, 596]]"
5,1,20,16,0.2,0.873192548751831,0.8658711314201355,0.8687350749969482,0.2987148463726043,0.3067416846752167,0.8846212136349787,0.8658711217183771,0.8979295314202688,0.8044537230340988,0.8511916272271838,"[[1236, 224], [57, 578]]"
5,2,20,16,0.2,0.8807077407836914,0.8439140915870667,0.8305489420890808,0.2812009453773498,0.3153614997863769,0.8683271427517687,0.8439140811455847,0.88,0.7767918088737201,0.8283959044368601,"[[1199, 261], [66, 569]]"
5,3,20,16,0.2,0.8844178318977356,0.8353222012519836,0.8556085824966431,0.2840614914894104,0.3541564643383026,0.862269064101654,0.8353221957040573,0.8728345005528935,0.7664184157075152,0.8196264581302044,"[[1184, 276], [69, 566]]"
5,4,20,16,0.2,0.8754756450653076,0.8682577610015869,0.8770883083343506,0.2892387509346008,0.3155920505523681,0.8861099797315086,0.8682577565632458,0.8999274836838289,0.8072625698324022,0.8535950267581156,"[[1241, 219], [57, 578]]"
5,5,20,16,0.2,0.8822298049926758,0.8753581643104553,0.8842481970787048,0.2755696177482605,0.2879262268543243,0.8832096107515426,0.8753581661891118,0.9077412513255568,0.8079470198675497,0.8578441355965533,"[[1284, 176], [85, 549]]"
5,1,20,16,0.3,0.755993127822876,0.3031026124954223,0.3054892718791961,0.4751598536968231,0.7907059788703918,0.0918712014627394,0.3031026252983294,0.0,0.4652014652014652,0.2326007326007326,"[[0, 1460], [0, 635]]"
5,2,20,16,0.3,0.8812785148620605,0.8663484454154968,0.8556085824966431,0.2898111939430237,0.3055610954761505,0.881801306622309,0.8663484486873508,0.8990627253064167,0.8022598870056498,0.8506613061560333,"[[1247, 213], [67, 568]]"
5,3,20,16,0.3,0.8565449118614197,0.8229116797447205,0.8353222012519836,0.3411061763763428,0.364169716835022,0.845373963277637,0.8229116945107399,0.8646479387085005,0.7439613526570048,0.8043046456827527,"[[1185, 275], [96, 539]]"
5,4,20,16,0.3,0.8833714127540588,0.8668257594108582,0.8770883083343506,0.2851243317127228,0.3168326318264007,0.8818135222534914,0.8668257756563246,0.8995318689232985,0.802547770700637,0.8510398198119677,"[[1249, 211], [68, 567]]"
5,5,20,16,0.3,0.8837519288063049,0.873925507068634,0.879474937915802,0.2770984172821045,0.3140970468521118,0.8801505890103194,0.8739255014326648,0.9071729957805909,0.8035714285714286,0.8553722121760097,"[[1290, 170], [94, 540]]"
5,1,20,16,0.5,0.8884132504463196,0.8863961696624756,0.8687350749969482,0.2655411958694458,0.2741590440273285,0.8907155244096574,0.8863961813842482,0.9167832167832168,0.8210526315789474,0.868917924181082,"[[1311, 149], [89, 546]]"
5,2,20,16,0.5,0.8733828067779541,0.8687350749969482,0.8412888050079346,0.295159637928009,0.3013971745967865,0.8777188044097922,0.8687350835322196,0.9025168380007088,0.7991234477720964,0.8508201428864026,"[[1273, 187], [88, 547]]"
5,3,20,16,0.5,0.6396499276161194,0.731742262840271,0.7207637429237366,0.6334792971611023,0.5773932337760925,0.7955796775153703,0.7317422434367542,0.78046875,0.6552147239263804,0.7178417369631902,"[[999, 461], [101, 534]]"
5,4,20,16,0.5,0.8829908967018127,0.8735083341598511,0.8770883083343506,0.2798596918582916,0.3018230497837066,0.8868006294554563,0.8735083532219571,0.9049156799425906,0.8111190306486101,0.8580173552956003,"[[1261, 199], [66, 569]]"
5,5,20,16,0.5,0.8823249340057373,0.8753581643104553,0.8806682825088501,0.2767762541770935,0.3007392287254333,0.8777304017450008,0.8753581661891118,0.9095320623916812,0.7996930161166539,0.8546125392541675,"[[1312, 148], [113, 521]]"
5,1,20,32,0.2,0.877187967300415,0.8563245534896851,0.8496419787406921,0.2977907359600067,0.3273395895957947,0.8820541337321472,0.8563245823389022,0.889134438305709,0.7959322033898305,0.8425333208477698,"[[1207, 253], [48, 587]]"
5,2,20,32,0.2,0.872812032699585,0.8634845018386841,0.8424820899963379,0.3060642778873443,0.310478538274765,0.8770000452501258,0.8634844868735083,0.8974175035868006,0.7960057061340942,0.8467116048604474,"[[1251, 209], [77, 558]]"
5,3,20,32,0.2,0.8735730648040771,0.8381861448287964,0.8496419787406921,0.3048790395259857,0.3695270419120788,0.8646476034717817,0.8381861575178997,0.8751381215469614,0.7701694915254237,0.8226538065361926,"[[1188, 272], [67, 568]]"
5,4,20,32,0.2,0.8379946947097778,0.8281623125076294,0.8484486937522888,0.3716401159763336,0.3825836777687073,0.8552127611005755,0.8281622911694511,0.8673544583640383,0.7560975609756098,0.811726009669824,"[[1177, 283], [77, 558]]"
5,5,20,32,0.2,0.8695776462554932,0.8591213226318359,0.8472553491592407,0.3110167980194092,0.3321600258350372,0.8808541552050241,0.8591212989493792,0.8922177566678845,0.7966919365954515,0.8444548466316679,"[[1221, 239], [56, 578]]"
5,1,20,32,0.3,0.8675799369812012,0.8553699254989624,0.8711217045783997,0.3104524612426758,0.3211812973022461,0.8707885553090361,0.8553699284009546,0.8908894490457328,0.7855626326963907,0.8382260408710618,"[[1237, 223], [80, 555]]"
5,2,20,32,0.3,0.8761415481567383,0.8491646647453308,0.8233889937400818,0.2951773405075073,0.3478304743766784,0.8780157209046431,0.8491646778042959,0.882962962962963,0.7879194630872484,0.8354412130251057,"[[1192, 268], [48, 587]]"
5,3,20,32,0.3,0.8633942008018494,0.8281623125076294,0.843675434589386,0.3286997377872467,0.3889984488487243,0.8555834600350348,0.8281622911694511,0.8672566371681416,0.7564276048714479,0.8118421210197948,"[[1176, 284], [76, 559]]"
5,4,20,32,0.3,0.8647260069847107,0.8472553491592407,0.8627684712409973,0.3198961317539215,0.3398625254631042,0.8709991634456092,0.847255369928401,0.8826979472140762,0.7811217510259918,0.8319098491200341,"[[1204, 256], [64, 571]]"
5,5,20,32,0.3,0.8663432002067566,0.8538681864738464,0.8412888050079346,0.3116553723812103,0.3358839154243469,0.8698250597964065,0.8538681948424068,0.889689978370584,0.7835926449787836,0.8366413116746838,"[[1234, 226], [80, 554]]"
5,1,20,32,0.5,0.873192548751831,0.8763723373413086,0.8806682825088501,0.3080812096595764,0.2912231385707855,0.8802565897745077,0.8763723150357995,0.9096616672479944,0.8042328042328042,0.8569472357403993,"[[1304, 156], [103, 532]]"
5,2,20,32,0.5,0.871004581451416,0.8367542028427124,0.8150358200073242,0.317761093378067,0.3853901624679565,0.872129683521544,0.8367541766109785,0.8719101123595505,0.775,0.8234550561797753,"[[1164, 296], [46, 589]]"
5,3,20,32,0.5,0.866057813167572,0.8362768292427063,0.8484486937522888,0.321977287530899,0.3655033707618713,0.8588892786141624,0.8362768496420048,0.8746803069053708,0.7639366827253957,0.8193084948153833,"[[1197, 263], [80, 555]]"
5,4,20,32,0.5,0.8606354594230652,0.852983295917511,0.8663484454154968,0.3225143551826477,0.3571147620677948,0.883643593619983,0.8529832935560859,0.8855018587360595,0.7946666666666666,0.840084262701363,"[[1191, 269], [39, 596]]"
5,5,20,32,0.5,0.8696727752685547,0.8638968467712402,0.8639618158340454,0.3111028969287872,0.3286409676074981,0.8793221701418363,0.8638968481375359,0.8972972972972973,0.7983014861995754,0.8477993917484363,"[[1245, 215], [70, 564]]"
5,1,20,64,0.2,0.8461757898330688,0.8343675136566162,0.8329355716705322,0.350694864988327,0.3876173794269562,0.8613529016762752,0.8343675417661098,0.8720973092517508,0.7650643195666892,0.8185808144092199,"[[1183, 277], [70, 565]]"
5,2,20,64,0.2,0.8593036532402039,0.8482100367546082,0.8329355716705322,0.3310775756835937,0.3402568697929382,0.8674953202920035,0.8482100238663485,0.8845315904139434,0.7785515320334262,0.8315415612236847,"[[1218, 242], [76, 559]]"
5,3,20,64,0.2,0.8632039427757263,0.810501217842102,0.8412888050079346,0.327519029378891,0.4218184649944305,0.8517717842310052,0.8105011933174224,0.8500188893086513,0.7427090084251459,0.7963639488668985,"[[1125, 335], [62, 573]]"
5,4,20,64,0.2,0.8485540151596069,0.8429594039916992,0.8544152975082397,0.3439793586730957,0.3370025753974914,0.8570767248897688,0.8429594272076373,0.8820365722481176,0.7651677373304783,0.823602154789298,"[[1230, 230], [99, 536]]"
5,5,20,64,0.2,0.8677701950073242,0.8557783961296082,0.8544152975082397,0.3127173483371734,0.3369039595127105,0.8676517234391743,0.8557784145176696,0.8922198429693077,0.7821067821067821,0.8371633125380449,"[[1250, 210], [92, 542]]"
5,1,20,64,0.3,0.8656772971153259,0.8763723373413086,0.8639618158340454,0.3183494806289673,0.306988000869751,0.8797222705039364,0.8763723150357995,0.9098503306648102,0.8033409263477601,0.8565956285062852,"[[1307, 153], [106, 529]]"
5,2,20,64,0.3,0.8616818785667419,0.8415274620056152,0.8317422270774841,0.3302683234214782,0.3636752068996429,0.8695367515626822,0.841527446300716,0.877309682187731,0.7762803234501348,0.8267950028189328,"[[1187, 273], [59, 576]]"
5,3,20,64,0.3,0.858066976070404,0.8381861448287964,0.8520286679267883,0.3341676890850067,0.3585215806961059,0.8564185772354181,0.8381861575178997,0.8773072747014115,0.7624386825508059,0.8198729786261088,"[[1212, 248], [91, 544]]"
5,4,20,64,0.3,0.8584474921226501,0.8324582576751709,0.8424820899963379,0.3263216614723205,0.3575348258018493,0.8690486541255491,0.8324582338902148,0.8682926829268293,0.7698360655737705,0.8190643742502999,"[[1157, 303], [48, 587]]"
5,5,20,64,0.3,0.8694825172424316,0.8677172660827637,0.8508353233337402,0.3098780512809753,0.3166812658309936,0.8821117095552449,0.8677172874880611,0.9003955411722402,0.8031272210376688,0.8517613811049545,"[[1252, 208], [69, 565]]"
5,1,20,64,0.5,0.8569254279136658,0.8463007211685181,0.8353222012519836,0.3387585580348968,0.3424000740051269,0.8663173301589676,0.8463007159904534,0.8829090909090909,0.7763888888888889,0.8296489898989898,"[[1214, 246], [76, 559]]"
5,2,20,64,0.5,0.8736681938171387,0.8606204986572266,0.8377088308334351,0.3114310801029205,0.3157403767108917,0.8759907175548111,0.8606205250596659,0.8948126801152738,0.7934936350777935,0.8441531575965336,"[[1242, 218], [74, 561]]"
5,3,20,64,0.5,0.8657724261283875,0.8458234071731567,0.8747016787528992,0.3261681199073791,0.332130491733551,0.848070506610281,0.8458233890214797,0.8882739536492563,0.7513471901462664,0.8198105718977613,"[[1284, 176], [147, 488]]"
5,4,20,64,0.5,0.8582572340965271,0.8472553491592407,0.8568019270896912,0.3278758823871612,0.3447382152080536,0.8713548027364484,0.847255369928401,0.8826118855465884,0.7814207650273224,0.8320163252869555,"[[1203, 257], [63, 572]]"
5,5,20,64,0.5,0.870814323425293,0.8638968467712402,0.8603818416595459,0.3127902150154114,0.3180862963199615,0.8748273773299178,0.8638968481375359,0.8984681154257214,0.7936278059377263,0.8460479606817238,"[[1261, 199], [86, 548]]"
5,1,30,16,0.2,0.8418949842453003,0.8391408324241638,0.8269689679145813,0.3712886273860931,0.3654868602752685,0.8678166164192318,0.8391408114558473,0.875323714391417,0.773369199731002,0.8243464570612096,"[[1183, 277], [60, 575]]"
5,2,30,16,0.2,0.9003044366836548,0.8735083341598511,0.861575186252594,0.2437975853681564,0.287237286567688,0.8825864366763707,0.8735083532219571,0.9059950336998936,0.8067104303428154,0.8563527320213545,"[[1277, 183], [82, 553]]"
5,3,30,16,0.2,0.8945015072822571,0.852983295917511,0.8723150491714478,0.2593183517456054,0.3152129054069519,0.8717562957409305,0.8529832935560859,0.888243831640058,0.7852161785216178,0.836730005080838,"[[1224, 236], [72, 563]]"
5,4,30,16,0.2,0.896308958530426,0.8687350749969482,0.8747016787528992,0.2435715943574905,0.3068462312221527,0.8845492282864769,0.8687350835322196,0.9007578491519308,0.8062015503875969,0.8534796997697638,"[[1248, 212], [63, 572]]"
5,5,30,16,0.2,0.8951674103736877,0.8605539798736572,0.8675417900085449,0.2440457940101623,0.3290556371212005,0.8714657750433942,0.8605539637058262,0.896011396011396,0.7884057971014493,0.8422085965564227,"[[1258, 202], [90, 544]]"
5,1,30,16,0.3,0.8958333134651184,0.8825775384902954,0.8758949637413025,0.2585561275482178,0.2742771208286285,0.8914909108612491,0.8825775656324583,0.9127040454222852,0.8206997084548106,0.8667018769385479,"[[1286, 174], [72, 563]]"
5,2,30,16,0.3,0.8512176275253296,0.829116940498352,0.8126491904258728,0.3530926704406738,0.376522034406662,0.8643659509973463,0.8291169451073985,0.8660179640718563,0.764163372859025,0.8150906684654406,"[[1157, 303], [55, 580]]"
5,3,30,16,0.3,0.8794710636138916,0.8510739803314209,0.8627684712409973,0.2867410182952881,0.3084299266338348,0.8595034622124159,0.8510739856801909,0.8897526501766785,0.7705882352941177,0.8301704427353981,"[[1259, 201], [111, 524]]"
5,4,30,16,0.3,0.9075342416763306,0.8682577610015869,0.8902148008346558,0.2299569696187973,0.3124752640724182,0.8810387474528834,0.8682577565632458,0.9011461318051576,0.8025751072961373,0.8518606195506475,"[[1258, 202], [74, 561]]"
5,5,30,16,0.3,0.9091514348983764,0.8777459263801575,0.8687350749969482,0.2257073372602462,0.2951566576957702,0.8888615191131449,0.87774594078319,0.9086366880799428,0.8152958152958153,0.861966251687879,"[[1273, 187], [69, 565]]"
5,1,30,16,0.5,0.8972602486610413,0.8811455965042114,0.8699284195899963,0.2450508177280426,0.279806524515152,0.886858569708118,0.881145584725537,0.9125395152792412,0.8145941921072226,0.8635668536932319,"[[1299, 161], [88, 547]]"
5,2,30,16,0.5,0.8928843140602112,0.8510739803314209,0.8389021754264832,0.2549434900283813,0.3436655104160309,0.8818096118384445,0.8510739856801909,0.8840148698884759,0.792,0.8380074349442379,"[[1189, 271], [41, 594]]"
5,3,30,16,0.5,0.8885083794593811,0.8420047760009766,0.8711217045783997,0.269438087940216,0.3733081817626953,0.8705658519310321,0.8420047732696897,0.877543470218276,0.777404169468729,0.8274738198435025,"[[1186, 274], [57, 578]]"
5,4,30,16,0.5,0.8917427659034729,0.8739857077598572,0.8758949637413025,0.2577507793903351,0.3029935956001282,0.8862860256792783,0.8739856801909308,0.905511811023622,0.8108882521489972,0.8582000315863096,"[[1265, 195], [69, 566]]"
5,5,30,16,0.5,0.8577815890312195,0.856733500957489,0.8520286679267883,0.3382725417613983,0.3252429664134979,0.8675111743286559,0.8567335243553008,0.8932384341637011,0.7822931785195936,0.8377658063416473,"[[1255, 205], [95, 539]]"
5,1,30,32,0.2,0.8738584518432617,0.8596658706665039,0.8532219529151917,0.2963004112243652,0.31297567486763,0.8791519074864997,0.8596658711217183,0.893090909090909,0.7958333333333333,0.8444621212121212,"[[1228, 232], [62, 573]]"
5,2,30,32,0.2,0.8655821681022644,0.8558472394943237,0.8377088308334351,0.32325479388237,0.3086904883384704,0.8741863104646624,0.8558472553699285,0.8905003625815808,0.7891061452513967,0.8398032539164888,"[[1228, 232], [70, 565]]"
5,3,30,32,0.2,0.8389459848403931,0.808591902256012,0.8126491904258728,0.3775689303874969,0.4158786833286285,0.845242807734077,0.8085918854415275,0.849756463094792,0.7363576594345825,0.7930570612646872,"[[1134, 326], [75, 560]]"
5,4,30,32,0.2,0.8795661926269531,0.8682577610015869,0.8758949637413025,0.2782197594642639,0.3175387978553772,0.8867516029909034,0.8682577565632458,0.8997821350762527,0.807799442896936,0.8537907889865943,"[[1239, 221], [55, 580]]"
5,5,30,32,0.2,0.8794710636138916,0.8653295040130615,0.8627684712409973,0.2875482439994812,0.3083320260047912,0.867758068017447,0.8653295128939829,0.9022869022869024,0.783410138248848,0.8428485202678753,"[[1302, 158], [124, 510]]"
5,1,30,32,0.3,0.8900304436683655,0.8706443905830383,0.8603818416595459,0.2686077654361725,0.3102374374866485,0.8846129130723412,0.8706443914081146,0.9026230686309736,0.8073916133617626,0.8550073409963681,"[[1256, 204], [67, 568]]"
5,2,30,32,0.3,0.8895547986030579,0.871599018573761,0.8532219529151917,0.2708998620510101,0.2972920536994934,0.8800143133421978,0.871599045346062,0.9047787610619468,0.802930402930403,0.8538545819961749,"[[1278, 182], [87, 548]]"
5,3,30,32,0.3,0.8481734991073608,0.8052505850791931,0.818615734577179,0.3660090267658233,0.4274662435054779,0.8514121810390896,0.8052505966587112,0.8446306169078446,0.7391304347826086,0.7918805258452266,"[[1109, 351], [57, 578]]"
5,4,30,32,0.3,0.8851788640022278,0.8496419787406921,0.8687350749969482,0.2716516256332397,0.3308680355548858,0.876758918828445,0.8496420047732697,0.8837209302325582,0.787305874409183,0.8355134023208706,"[[1197, 263], [52, 583]]"
5,5,30,32,0.3,0.8911719918251038,0.8638968467712402,0.8484486937522888,0.2637603878974914,0.3137201070785522,0.8784337641336242,0.8638968481375359,0.8975188781014024,0.7974413646055437,0.8474801213534731,"[[1248, 212], [73, 561]]"
5,1,30,32,0.5,0.8914573788642883,0.8945107460021973,0.8830549120903015,0.2633713781833648,0.2644479274749756,0.8963264835939787,0.894510739856802,0.923502942194531,0.830130668716372,0.8768168054554515,"[[1334, 126], [95, 540]]"
5,2,30,32,0.5,0.8865106701850891,0.8596658706665039,0.8329355716705322,0.2797445058822632,0.3233272433280945,0.8818562700451062,0.8596658711217183,0.8924652523774689,0.7980769230769231,0.8452710877271961,"[[1220, 240], [54, 581]]"
5,3,30,32,0.5,0.8798515796661377,0.8472553491592407,0.8627684712409973,0.286239743232727,0.3355039656162262,0.8616501558638306,0.847255369928401,0.8851399856424982,0.7720797720797721,0.8286098788611351,"[[1233, 227], [93, 542]]"
5,4,30,32,0.5,0.8681507110595703,0.8744630217552185,0.8818615674972534,0.3038739562034607,0.3018679916858673,0.8840030247686854,0.8744630071599045,0.9065719360568384,0.8087272727272727,0.8576496043920556,"[[1276, 184], [79, 556]]"
5,5,30,32,0.5,0.8833714127540588,0.8677172660827637,0.861575186252594,0.2749943733215332,0.3096388578414917,0.8818211193498748,0.8677172874880611,0.9004671218109953,0.802846975088968,0.8516570484499817,"[[1253, 207], [70, 564]]"
5,1,30,64,0.2,0.8798515796661377,0.8730310201644897,0.861575186252594,0.2890739738941192,0.304700493812561,0.8786375175490542,0.8730310262529833,0.9066666666666666,0.8014925373134328,0.8540796019900497,"[[1292, 168], [98, 537]]"
5,2,30,64,0.2,0.8727169036865234,0.8343675136566162,0.8210023641586304,0.3065771758556366,0.3569657504558563,0.8717389593448386,0.8343675417661098,0.869597895527997,0.7730542838456508,0.821326089686824,"[[1157, 303], [44, 591]]"
5,3,30,64,0.2,0.8795661926269531,0.8420047760009766,0.861575186252594,0.2943491637706756,0.3447132110595703,0.8610480724179861,0.8420047732696897,0.8799419659049692,0.7690160502442428,0.8244790080746061,"[[1213, 247], [84, 551]]"
5,4,30,64,0.2,0.8680555820465088,0.8386634588241577,0.8568019270896912,0.3068890273571014,0.3651409149169922,0.8748093830201193,0.8386634844868736,0.873218304576144,0.7782152230971129,0.8257167638366285,"[[1164, 296], [42, 593]]"
5,5,30,64,0.2,0.8823249340057373,0.8748806118965149,0.8818615674972534,0.2873193919658661,0.2964351177215576,0.8745585010356934,0.874880611270296,0.910457963089542,0.7923930269413629,0.8514254950154525,"[[1332, 128], [134, 500]]"
5,1,30,64,0.3,0.8341894745826721,0.8653938174247742,0.8472553491592407,0.3761133551597595,0.3241254389286041,0.8632391868083316,0.8653937947494034,0.905114401076716,0.7684729064039408,0.8367936537403284,"[[1345, 115], [167, 468]]"
5,2,30,64,0.3,0.8763318061828613,0.8458234071731567,0.8293555974960327,0.3011735677719116,0.3716278970241546,0.876172701926067,0.8458233890214797,0.8800594132937245,0.7842351369405478,0.8321472751171362,"[[1185, 275], [48, 587]]"
5,3,30,64,0.3,0.8805174827575684,0.8396181464195251,0.8556085824966431,0.2923327684402466,0.3410209417343139,0.8609023252928901,0.839618138424821,0.8775510204081632,0.7676348547717843,0.8225929375899738,"[[1204, 256], [80, 555]]"
5,4,30,64,0.3,0.7461948394775391,0.7837708592414856,0.7804296016693115,0.5413771271705627,0.4723463058471679,0.797659595484617,0.7837708830548926,0.8385026737967914,0.6729241877256318,0.7557134307612117,"[[1176, 284], [169, 466]]"
5,5,30,64,0.3,0.8772830963134766,0.8610315322875977,0.861575186252594,0.2925210893154144,0.3195703327655792,0.8803346202757837,0.8610315186246418,0.8942202835332607,0.7974947807933194,0.84585753216329,"[[1230, 230], [61, 573]]"
5,1,30,64,0.5,0.86406010389328,0.8596658706665039,0.8412888050079346,0.3150679469108581,0.3290832340717315,0.8730363275402695,0.8596658711217183,0.8946236559139785,0.79,0.8423118279569892,"[[1248, 212], [82, 553]]"
5,2,30,64,0.5,0.8798515796661377,0.8467780351638794,0.8329355716705322,0.2915787994861603,0.344489574432373,0.875147911117366,0.8467780429594272,0.881243063263041,0.7841291190316073,0.8326860911473242,"[[1191, 269], [52, 583]]"
5,3,30,64,0.5,0.8820395469665527,0.8658711314201355,0.8854415416717529,0.2858228683471679,0.3030445873737335,0.8732916395458162,0.8658711217183771,0.9008818342151677,0.792619926199262,0.8467508802072148,"[[1277, 183], [98, 537]]"
5,4,30,64,0.5,0.868816614151001,0.8706443905830383,0.8806682825088501,0.3098748922348022,0.3089258372783661,0.8813260275051449,0.8706443914081146,0.9034556465977912,0.8040491684743312,0.8537524075360612,"[[1268, 192], [79, 556]]"
5,5,30,64,0.5,0.8795661926269531,0.832855761051178,0.8317422270774841,0.2889772951602936,0.347878634929657,0.862796715413132,0.8328557784145176,0.8702742772424018,0.7651006711409396,0.8176874741916706,"[[1174, 286], [64, 570]]"
10,1,10,16,0.2,0.8666497468948364,0.8568702340126038,0.8515376448631287,0.3138282597064972,0.3266002237796783,0.8711742291758802,0.8568702290076335,0.8922413793103449,0.7869318181818182,0.8395865987460815,"[[621, 109], [41, 277]]"
10,2,10,16,0.2,0.8584474921226501,0.8444656729698181,0.8430540561676025,0.3377798497676849,0.339243084192276,0.8686342272240076,0.8444656488549618,0.880410858400587,0.7776261937244202,0.8290185260625036,"[[600, 130], [33, 285]]"
10,3,10,16,0.2,0.8314730525016785,0.8339694738388062,0.814422070980072,0.3887224495410919,0.361127495765686,0.8554389386193378,0.833969465648855,0.8731778425655977,0.7596685082872928,0.8164231754264453,"[[599, 131], [43, 275]]"
10,4,10,16,0.2,0.8540503978729248,0.8559160232543945,0.8536585569381714,0.34121173620224,0.3296245336532593,0.8602900706705273,0.8559160305343512,0.8946266573621773,0.7722473604826546,0.8334370089224159,"[[641, 89], [62, 256]]"
10,5,10,16,0.2,0.8555724620819092,0.8424068689346313,0.847295880317688,0.3441278040409088,0.3641361594200134,0.8626160749085473,0.8424068767908309,0.88,0.7705146036161336,0.8252573018080668,"[[605, 125], [40, 277]]"
10,6,10,16,0.2,0.8559107184410095,0.8395415544509888,0.8536585569381714,0.3436430096626282,0.3451518714427948,0.8539566406753846,0.839541547277937,0.8794835007173601,0.76,0.8197417503586801,"[[613, 117], [51, 266]]"
10,7,10,16,0.2,0.6665821075439453,0.7793696522712708,0.8006362915039062,0.6141029000282288,0.5126994252204895,0.7834153030396366,0.7793696275071633,0.8396946564885496,0.6462480857580398,0.7429713711232947,"[[605, 125], [106, 211]]"
10,8,10,16,0.2,0.8674953579902649,0.7793696522712708,0.7656415700912476,0.3153885304927826,0.5250335931777954,0.8494735178037642,0.7793696275071633,0.8176795580110497,0.720677146311971,0.7691783521615103,"[[518, 212], [19, 298]]"
10,9,10,16,0.2,0.8659732937812805,0.8643743991851807,0.8451749682426453,0.3135240972042084,0.3179367482662201,0.8911323722486314,0.8643744030563515,0.8951255539143279,0.8081081081081081,0.851616831011218,"[[606, 124], [18, 299]]"
10,10,10,16,0.2,0.8355318903923035,0.8223495483398438,0.8335101008415222,0.3847126960754394,0.3912516832351684,0.8385873348890609,0.8223495702005731,0.8661870503597122,0.7357954545454546,0.8009912524525834,"[[602, 128], [58, 259]]"
10,1,10,16,0.3,0.858870267868042,0.822519063949585,0.8027571439743042,0.3382338583469391,0.4138817489147186,0.8713629045010853,0.8225190839694656,0.8575803981623277,0.7645569620253164,0.811068680093822,"[[560, 170], [16, 302]]"
10,2,10,16,0.3,0.8653813600540161,0.8702290058135986,0.8759278655052185,0.3247781097888946,0.3048233091831207,0.8748890685518745,0.8702290076335878,0.9048951048951048,0.7957957957957958,0.8503454503454504,"[[647, 83], [53, 265]]"
10,3,10,16,0.3,0.8638592958450317,0.8454198241233826,0.8441145420074463,0.3259333074092865,0.3275962769985199,0.871359285679556,0.8454198473282443,0.8807069219440353,0.7804878048780488,0.8305973634110421,"[[598, 132], [30, 288]]"
10,4,10,16,0.3,0.8232707381248474,0.8244274854660034,0.8239660859107971,0.4029442071914673,0.3994813561439514,0.8381743744331346,0.8244274809160306,0.8683834048640916,0.7363896848137536,0.8023865448389226,"[[607, 123], [61, 257]]"
10,5,10,16,0.3,0.8444951772689819,0.8127985000610352,0.8388122916221619,0.3628596067428589,0.3994694650173187,0.8431571037710207,0.8127984718242598,0.8548148148148148,0.7365591397849462,0.7956869772998805,"[[577, 153], [43, 274]]"
10,6,10,16,0.3,0.8674107789993286,0.8290353417396545,0.8419936299324036,0.3171299695968628,0.3587890863418579,0.8614917047768926,0.8290353390639924,0.8667163067758749,0.7616511318242344,0.8141837193000546,"[[582, 148], [31, 286]]"
10,7,10,16,0.3,0.861745297908783,0.8471824526786804,0.8409332036972046,0.3227960169315338,0.3702539503574371,0.8695697010237767,0.8471824259789876,0.8830409356725146,0.7796143250688705,0.8313276303706926,"[[604, 126], [34, 283]]"
10,8,10,16,0.3,0.8576018810272217,0.8309455513954163,0.7974549531936646,0.3317091763019562,0.3846852481365204,0.8754197622392464,0.830945558739255,0.8653992395437262,0.772785622593068,0.8190924310683971,"[[569, 161], [16, 301]]"
10,9,10,16,0.3,0.8582783937454224,0.8605539798736572,0.8663839101791382,0.3262408375740051,0.3263329267501831,0.8838017373747128,0.8605539637058262,0.8929618768328446,0.8,0.8464809384164222,"[[609, 121], [25, 292]]"
10,10,10,16,0.3,0.861068844795227,0.8395415544509888,0.8462353944778442,0.3248779773712158,0.3500297963619232,0.8533797204464804,0.839541547277937,0.8796561604584527,0.7593123209169055,0.8194842406876791,"[[614, 116], [52, 265]]"
10,1,10,16,0.5,0.8555724620819092,0.8416030406951904,0.8176034092903137,0.3349928259849548,0.3623823523521423,0.8730567833099903,0.8416030534351145,0.8764880952380952,0.7792553191489362,0.8278717071935158,"[[589, 141], [25, 293]]"
10,2,10,16,0.5,0.8283443450927734,0.8597328066825867,0.8515376448631287,0.4011858999729156,0.3419922888278961,0.8644214389313135,0.8597328244274809,0.8972746331236897,0.7789473684210526,0.8381110007723711,"[[642, 88], [59, 259]]"
10,3,10,16,0.5,0.8630136847496033,0.864503800868988,0.8525980710983276,0.3280257284641266,0.3053283095359802,0.8834361092229868,0.8645038167938931,0.8968023255813954,0.8027777777777778,0.8497900516795867,"[[617, 113], [29, 289]]"
10,4,10,16,0.5,0.8492305278778076,0.8463740348815918,0.8674443364143372,0.3533810973167419,0.3421570658683777,0.8559062070552083,0.8463740458015268,0.8858965272856131,0.7649635036496351,0.8254300154676241,"[[625, 105], [56, 262]]"
10,5,10,16,0.5,0.8562489151954651,0.8404966592788696,0.847295880317688,0.3420772552490234,0.3573499321937561,0.8575772059518267,0.8404966571155683,0.8794223826714801,0.764456981664316,0.821939682167898,"[[609, 121], [46, 271]]"
10,6,10,16,0.5,0.863943874835968,0.8385864496231079,0.8388122916221619,0.3266774117946625,0.368511289358139,0.8667633563876987,0.8385864374403056,0.8750923872875093,0.7719298245614035,0.8235111059244564,"[[592, 138], [31, 286]]"
10,7,10,16,0.5,0.5991036891937256,0.4403056204319,0.4305408298969269,0.6745052337646484,0.6731100678443909,0.6446136363361938,0.440305635148042,0.4056795131845842,0.4711191335740072,0.43839932337929566,"[[200, 530], [56, 261]]"
10,8,10,16,0.5,0.8652122616767883,0.8557783961296082,0.8356309533119202,0.3212889730930328,0.3271291255950928,0.8810226052058089,0.8557784145176696,0.8888888888888888,0.7945578231292517,0.8417233560090702,"[[604, 126], [25, 292]]"
10,9,10,16,0.5,0.8647894263267517,0.8586437702178955,0.8536585569381714,0.324782520532608,0.3307830095291137,0.879881921026262,0.8586437440305635,0.891970802919708,0.7955801104972375,0.8437754567084728,"[[611, 119], [29, 288]]"
10,10,10,16,0.5,0.8515136241912842,0.8433619737625122,0.8536585569381714,0.3481873869895935,0.3442933261394501,0.8522807534543047,0.8433619866284623,0.884016973125884,0.7588235294117647,0.8214202512688243,"[[625, 105], [59, 258]]"
10,1,10,32,0.2,0.8600541353225708,0.8835877776145935,0.848356306552887,0.3337981402873993,0.3057529330253601,0.892211568497296,0.8835877862595419,0.9134751773049644,0.8221574344023324,0.8678163058536483,"[[644, 86], [36, 282]]"
10,2,10,32,0.2,0.8271604776382446,0.8358778357505798,0.8462353944778442,0.4043197631835937,0.3791613280773163,0.8546422659392086,0.8358778625954199,0.8753623188405797,0.7597765363128491,0.8175694275767145,"[[604, 126], [46, 272]]"
10,3,10,32,0.2,0.8549805283546448,0.8511450290679932,0.8303287625312805,0.3457590043544769,0.3366402983665466,0.8783427529849286,0.851145038167939,0.8847858197932054,0.7897574123989218,0.8372716160960636,"[[599, 131], [25, 293]]"
10,4,10,32,0.2,0.8543040752410889,0.8482824563980103,0.8653234243392944,0.338088184595108,0.3346708714962005,0.8562978953715201,0.8482824427480916,0.8877911079745943,0.7658321060382917,0.826811607006443,"[[629, 101], [58, 260]]"
10,5,10,32,0.2,0.8511753678321838,0.832855761051178,0.8398727178573608,0.3457328975200653,0.3618140518665313,0.859028960016301,0.8328557784145176,0.8712288447387785,0.7619047619047619,0.8165668033217701,"[[592, 138], [37, 280]]"
10,6,10,32,0.2,0.8618298768997192,0.8385864496231079,0.8377518653869629,0.3346869349479675,0.3458163142204284,0.8616683414093637,0.8385864374403056,0.8763716166788588,0.7675378266850069,0.8219547216819328,"[[599, 131], [38, 279]]"
10,7,10,32,0.2,0.855995237827301,0.850047767162323,0.8409332036972046,0.3446411490440368,0.3456723988056183,0.8712916001501805,0.8500477554918816,0.8854850474106492,0.7828492392807745,0.8341671433457118,"[[607, 123], [34, 283]]"
10,8,10,32,0.2,0.8549805283546448,0.8672397136688232,0.848356306552887,0.3369646966457367,0.3142030239105224,0.8776687446296468,0.8672397325692455,0.901067615658363,0.7982583454281568,0.8496629805432598,"[[633, 97], [42, 275]]"
10,9,10,32,0.2,0.8530356884002686,0.8395415544509888,0.8186638355255127,0.3390771746635437,0.380038857460022,0.8769977714103789,0.839541547277937,0.8736842105263158,0.7801047120418848,0.8268944612841003,"[[581, 149], [19, 298]]"
10,10,10,32,0.2,0.8574327826499939,0.8404966592788696,0.8642629981040955,0.3330242037773132,0.3886128067970276,0.8456154529625317,0.8404966571155683,0.883298392732355,0.7481146304675717,0.8157065115999633,"[[632, 98], [69, 248]]"
10,1,10,32,0.3,0.8446642756462097,0.8158397078514099,0.8048780560493469,0.3581926226615906,0.3973576724529266,0.8544708021816511,0.8158396946564885,0.8547780285929271,0.7483702737940026,0.8015741511934649,"[[568, 162], [31, 287]]"
10,2,10,32,0.3,0.8524437546730042,0.8406488299369812,0.8419936299324036,0.3482590615749359,0.3499323427677154,0.8664139588435467,0.8406488549618321,0.8771155261221486,0.7734056987788331,0.8252606124504909,"[[596, 134], [33, 285]]"
10,3,10,32,0.3,0.8492305278778076,0.8320610523223877,0.8133615851402283,0.3474906682968139,0.3475031554698944,0.8696698359687386,0.8320610687022901,0.8676691729323308,0.7702349869451697,0.8189520799387502,"[[577, 153], [23, 295]]"
10,4,10,32,0.3,0.8484694957733154,0.8244274854660034,0.8377518653869629,0.354392260313034,0.3961625695228576,0.856554115581954,0.8244274809160306,0.8630952380952381,0.7553191489361702,0.8092071935157041,"[[580, 150], [34, 284]]"
10,5,10,32,0.3,0.8400980830192566,0.8357211351394653,0.8398727178573608,0.3655433058738708,0.35582235455513,0.8508628609997216,0.8357211079274116,0.8764367816091954,0.7549857549857549,0.8157112682974752,"[[610, 120], [52, 265]]"
10,6,10,32,0.3,0.8565871715545654,0.8280802369117737,0.8303287625312805,0.3349576890468597,0.3913956880569458,0.8601751271567973,0.828080229226361,0.8660714285714286,0.76,0.8130357142857143,"[[582, 148], [32, 285]]"
10,7,10,32,0.3,0.8427194356918335,0.8357211351394653,0.8515376448631287,0.3531100153923034,0.3374208509922027,0.8502755063285453,0.8357211079274116,0.8766140602582496,0.7542857142857143,0.815449887271982,"[[611, 119], [53, 264]]"
10,8,10,32,0.3,0.8454253077507019,0.8548232913017273,0.8388122916221619,0.3596176505088806,0.341219812631607,0.8722850815581619,0.8548233046800382,0.8900144717800289,0.7865168539325843,0.8382656628563065,"[[615, 115], [37, 280]]"
10,9,10,32,0.3,0.706494152545929,0.6676217913627625,0.6458112597465515,0.5897144079208374,0.6092754602432251,0.7764481063544264,0.667621776504298,0.7095158597662772,0.6116071428571429,0.6605615013117101,"[[425, 305], [43, 274]]"
10,10,10,32,0.3,0.8520209789276123,0.8357211351394653,0.8600212335586548,0.350974291563034,0.3607151508331299,0.842482191760271,0.8357211079274116,0.8792134831460674,0.7432835820895523,0.8112485326178098,"[[626, 104], [68, 249]]"
10,1,10,32,0.5,0.5186876654624939,0.7061068415641785,0.6998939514160156,0.6924141049385071,0.6771965026855469,0.7933121534365853,0.7061068702290076,0.8257918552036199,0.0609756097560975,0.4433837324798587,"[[730, 0], [308, 10]]"
10,2,10,32,0.5,0.851936399936676,0.8759542107582092,0.8632025718688965,0.3498719334602356,0.3052540421485901,0.8808771907896998,0.8759541984732825,0.9089635854341735,0.8053892215568862,0.8571764034955298,"[[649, 81], [49, 269]]"
10,3,10,32,0.5,0.8493996262550354,0.847328245639801,0.8260869383811951,0.3539333343505859,0.3390429317951202,0.875436413676087,0.8473282442748091,0.8816568047337278,0.7849462365591398,0.8333015206464338,"[[596, 134], [26, 292]]"
10,4,10,32,0.5,0.8524437546730042,0.8406488299369812,0.8600212335586548,0.3462112545967102,0.3590548634529114,0.8595479144113474,0.8406488549618321,0.8788977519941987,0.7670850767085077,0.8229914143513533,"[[606, 124], [43, 275]]"
10,5,10,32,0.5,0.8350245356559753,0.8290353417396545,0.8419936299324036,0.3805977404117584,0.3925809860229492,0.8441278054550745,0.8290353390639924,0.8715003589375449,0.7446504992867332,0.808075429112139,"[[607, 123], [56, 261]]"
10,6,10,32,0.5,0.8372230529785156,0.8338108658790588,0.8345705270767212,0.3755886852741241,0.3609115779399872,0.8472835007533299,0.833810888252149,0.8755364806866953,0.75,0.8127682403433476,"[[612, 118], [56, 261]]"
10,7,10,32,0.5,0.857010006904602,0.8557783961296082,0.8610816597938538,0.3415558040142059,0.3311653137207031,0.8660695028193642,0.8557784145176696,0.892679459843639,0.7802037845705968,0.8364416222071178,"[[628, 102], [49, 268]]"
10,8,10,32,0.5,0.8547268509864807,0.8529130816459656,0.8282078504562378,0.3462524116039276,0.3532675206661224,0.8771847609508797,0.8529130850047756,0.8869309838472834,0.7896174863387978,0.8382742350930406,"[[604, 126], [28, 289]]"
10,9,10,32,0.5,0.851006269454956,0.8758357167243958,0.8663839101791382,0.352200299501419,0.315946102142334,0.8862352268497369,0.8758357211079274,0.9074074074074074,0.8115942028985508,0.8595008051529791,"[[637, 93], [37, 280]]"
10,10,10,32,0.5,0.6828175187110901,0.6552053689956665,0.6945917010307312,0.6075078845024109,0.6302684545516968,0.7342444325449834,0.6552053486150907,0.7114308553157475,0.571767497034401,0.6415991761750742,"[[445, 285], [76, 241]]"
10,1,10,64,0.2,0.8429731130599976,0.8454198241233826,0.803817629814148,0.3634856641292572,0.3782027959823608,0.8699074185911682,0.8454198473282443,0.8810572687224669,0.779291553133515,0.8301744109279909,"[[600, 130], [32, 286]]"
10,2,10,64,0.2,0.8402671813964844,0.8797709941864014,0.8610816597938538,0.3680920898914337,0.3100197315216064,0.8815427816430119,0.8797709923664122,0.9128630705394192,0.8061538461538461,0.8595084583466326,"[[660, 70], [56, 262]]"
10,3,10,64,0.2,0.8362083435058594,0.8597328066825867,0.8366914391517639,0.3723190426826477,0.3232669830322265,0.8674246743897311,0.8597328244274809,0.8962597035991532,0.7835051546391752,0.8398824291191642,"[[635, 95], [52, 266]]"
10,4,10,64,0.2,0.8294435739517212,0.819656491279602,0.8260869383811951,0.3837049305438995,0.3911416828632355,0.850791837580864,0.8196564885496184,0.8596881959910914,0.7476635514018691,0.8036758736964802,"[[579, 151], [38, 280]]"
10,5,10,64,0.2,0.8450871109962463,0.8309455513954163,0.8515376448631287,0.3557530641555786,0.3502599000930786,0.8354231188869911,0.830945558739255,0.8766550522648083,0.7314112291350531,0.8040331406999307,"[[629, 101], [76, 241]]"
10,6,10,64,0.2,0.8420429825782776,0.8319006562232971,0.847295880317688,0.3680594265460968,0.3568640947341919,0.8508937522195987,0.8319006685768864,0.8724637681159421,0.7535014005602241,0.8129825843380831,"[[602, 128], [48, 269]]"
10,7,10,64,0.2,0.8316421508789062,0.8357211351394653,0.8324496150016785,0.3778363466262817,0.364080548286438,0.8572014367091237,0.8357211079274116,0.8746355685131195,0.7617728531855956,0.8182042108493576,"[[600, 130], [42, 275]]"
10,8,10,64,0.2,0.8402671813964844,0.8471824526786804,0.8462353944778442,0.3671169877052307,0.3612846732139587,0.8590801155228089,0.8471824259789876,0.8858773181169758,0.7687861271676301,0.8273317226423029,"[[621, 109], [51, 266]]"
10,9,10,64,0.2,0.8473702073097229,0.856733500957489,0.8557794094085693,0.3557629883289337,0.3416107594966888,0.8716850206155198,0.8567335243553008,0.8920863309352518,0.7869318181818182,0.839509074558535,"[[620, 110], [40, 277]]"
10,10,10,64,0.2,0.8395061492919922,0.8175740242004395,0.8356309533119202,0.3623806238174438,0.3730805218219757,0.8336874089379362,0.8175740210124164,0.8626887131560029,0.7283072546230441,0.7954979838895235,"[[600, 130], [61, 256]]"
10,1,10,64,0.3,0.8411127924919128,0.8597328066825867,0.8271474242210388,0.3648370206356048,0.3398694097995758,0.8640308072321977,0.8597328244274809,0.8974180041870202,0.7782805429864253,0.8378492735867228,"[[643, 87], [60, 258]]"
10,2,10,64,0.3,0.8513444662094116,0.864503800868988,0.8547189831733704,0.3544737994670868,0.3242762982845306,0.8667678114807654,0.8645038167938931,0.901662049861496,0.7822085889570553,0.8419353194092756,"[[651, 79], [63, 255]]"
10,3,10,64,0.3,0.8421275019645691,0.8177480697631836,0.8176034092903137,0.3657372593879699,0.3762556910514831,0.8571690834010158,0.8177480916030534,0.8560663149962321,0.7516254876462939,0.803845901321263,"[[568, 162], [29, 289]]"
10,4,10,64,0.3,0.8305428624153137,0.8043892979621887,0.81654292345047,0.3796274363994598,0.4043602049350738,0.8338354616226797,0.8043893129770993,0.8484848484848485,0.7240915208613729,0.7862881846731107,"[[574, 156], [49, 269]]"
10,5,10,64,0.3,0.8173515796661377,0.8424068689346313,0.8345705270767212,0.4184941947460174,0.3646129369735718,0.8458887539720485,0.8424068767908309,0.8853370396108409,0.7480916030534351,0.816714321332138,"[[637, 93], [72, 245]]"
10,6,10,64,0.3,0.835870087146759,0.8395415544509888,0.8525980710983276,0.3796633183956146,0.3469926118850708,0.8539566406753846,0.839541547277937,0.8794835007173601,0.76,0.8197417503586801,"[[613, 117], [51, 266]]"
10,7,10,64,0.3,0.8367156982421875,0.8299904465675354,0.8568398952484131,0.3697119355201721,0.3433527052402496,0.8378346563076042,0.8299904489016237,0.8746478873239436,0.7359050445103857,0.8052764659171647,"[[621, 109], [69, 248]]"
10,8,10,64,0.3,0.5150516033172607,0.6991404294967651,0.6967126131057739,0.6936517953872681,0.6701667308807373,0.7898301366858146,0.6991404011461319,0.8225352112676056,0.012539184952978,0.41753719811029183,"[[730, 0], [315, 2]]"
10,9,10,64,0.3,0.8288516998291016,0.8347659707069397,0.8356309533119202,0.3861484229564667,0.3736657500267029,0.8630968977283867,0.8347659980897804,0.8721359940872137,0.766531713900135,0.8193338539936743,"[[590, 140], [33, 284]]"
10,10,10,64,0.3,0.8415356278419495,0.813753604888916,0.8207847476005554,0.3609636723995209,0.4071733355522156,0.845234816944961,0.8137535816618912,0.8552338530066815,0.7389558232931727,0.7970948381499271,"[[576, 154], [41, 276]]"
10,1,10,64,0.5,0.8343480229377747,0.8358778357505798,0.8218451738357544,0.3738001585006714,0.3665124475955963,0.8593325469950177,0.8358778625954199,0.8740849194729137,0.7643835616438356,0.8192342405583746,"[[597, 133], [39, 279]]"
10,2,10,64,0.5,0.83155757188797,0.8244274854660034,0.8313891887664795,0.3838666975498199,0.388028085231781,0.856554115581954,0.8244274809160306,0.8630952380952381,0.7553191489361702,0.8092071935157041,"[[580, 150], [34, 284]]"
10,3,10,64,0.5,0.7754946947097778,0.8034350872039795,0.781548261642456,0.4860625267028808,0.4194665849208832,0.8310631108085769,0.8034351145038168,0.8483063328424153,0.7208672086720868,0.784586770757251,"[[576, 154], [52, 266]]"
10,4,10,64,0.5,0.8101640343666077,0.8110687136650085,0.7963944673538208,0.4205696582794189,0.4407588541507721,0.8398720395380701,0.8110687022900763,0.8537666174298375,0.7331536388140162,0.7934601281219269,"[[578, 152], [46, 272]]"
10,5,10,64,0.5,0.8373076319694519,0.8051576018333435,0.8292682766914368,0.3764557242393493,0.4008578360080719,0.8343055297194784,0.8051575931232091,0.8493353028064993,0.7243243243243244,0.7868298135654118,"[[575, 155], [49, 268]]"
10,6,10,64,0.5,0.8051750659942627,0.736389696598053,0.7454931139945984,0.4309294521808624,0.52520751953125,0.8316109841148545,0.7363896848137536,0.7745098039215687,0.6827586206896552,0.728634212305612,"[[474, 256], [20, 297]]"
10,7,10,64,0.5,0.8393370509147644,0.8080229163169861,0.8282078504562378,0.3630372881889343,0.4037437736988067,0.8405153149748626,0.8080229226361032,0.8505576208178439,0.7316421895861148,0.7910999052019794,"[[572, 158], [43, 274]]"
10,8,10,64,0.5,0.8384914398193359,0.8175740242004395,0.815482497215271,0.3761239945888519,0.4012728631496429,0.8496881333426515,0.8175740210124164,0.857992565055762,0.7449933244325768,0.8014929447441694,"[[577, 153], [38, 279]]"
10,9,10,64,0.5,0.8349399566650391,0.8357211351394653,0.8282078504562378,0.3676470816135406,0.3681768774986267,0.8614132026347812,0.8357211079274116,0.8735294117647059,0.7656675749318801,0.8195984933482929,"[[594, 136], [36, 281]]"
10,10,10,64,0.5,0.8294435739517212,0.8443170785903931,0.8419936299324036,0.390414148569107,0.3577376008033752,0.8555067730638486,0.8443170964660937,0.8839857651245552,0.7634252539912917,0.8237055095579234,"[[621, 109], [54, 263]]"
10,1,20,16,0.2,0.886182963848114,0.8559160232543945,0.8282078504562378,0.2667103111743927,0.3733323514461517,0.8864098015043582,0.8559160305343512,0.8877323420074349,0.7989347536617842,0.8433335478346096,"[[597, 133], [18, 300]]"
10,2,20,16,0.2,0.8862675428390503,0.8492366671562195,0.8557794094085693,0.2744836211204529,0.3532204031944275,0.8811950521974087,0.8492366412213741,0.8822652757078987,0.7904509283819628,0.8363581020449308,"[[592, 138], [20, 298]]"
10,3,20,16,0.2,0.8811094164848328,0.8625954389572144,0.8388122916221619,0.283152163028717,0.2926648557186126,0.8878440844904112,0.8625954198473282,0.8939617083946981,0.8048780487804879,0.849419878587593,"[[607, 123], [21, 297]]"
10,4,20,16,0.2,0.8877050280570984,0.8444656729698181,0.8632025718688965,0.2671440243721008,0.348308116197586,0.8730701309159139,0.8444656488549618,0.8793486306439674,0.7812080536912752,0.8302783421676213,"[[594, 136], [27, 291]]"
10,5,20,16,0.2,0.8705394864082336,0.8319006562232971,0.848356306552887,0.3140493631362915,0.3606944382190704,0.8535342204713527,0.8319006685768864,0.8717201166180758,0.7562326869806094,0.8139764017993426,"[[598, 132], [44, 273]]"
10,6,20,16,0.2,0.8458481431007385,0.8385864496231079,0.8462353944778442,0.3640874922275543,0.3594690859317779,0.8464343091382112,0.8385864374403056,0.8809020436927414,0.7496296296296296,0.8152658366611856,"[[625, 105], [64, 253]]"
10,7,20,16,0.2,0.8801792860031128,0.8510028719902039,0.8345705270767212,0.2906682193279266,0.336275190114975,0.8790604840873137,0.8510028653295129,0.8846153846153846,0.7897574123989218,0.8371863985071533,"[[598, 132], [24, 293]]"
10,8,20,16,0.2,0.8826314806938171,0.8576886057853699,0.8218451738357544,0.2742344439029693,0.3377449810504913,0.888213970487365,0.8576886341929322,0.8892193308550186,0.8010680907877169,0.8451437108213677,"[[598, 132], [17, 300]]"
10,9,20,16,0.2,0.88592928647995,0.8701050877571106,0.8685047626495361,0.2739728689193725,0.3013152480125427,0.8851459766663221,0.8701050620821394,0.9020172910662824,0.8073654390934845,0.8546913650798834,"[[626, 104], [32, 285]]"
10,10,20,16,0.2,0.881193995475769,0.8510028719902039,0.8695651888847351,0.2882713377475738,0.3412895202636719,0.8692468141877393,0.8510028653295129,0.8869565217391304,0.7815126050420168,0.8342345633905737,"[[612, 118], [38, 279]]"
10,1,20,16,0.3,0.8926940560340881,0.8625954389572144,0.8462353944778442,0.2596931755542755,0.3067969977855682,0.8803187989271077,0.8625954198473282,0.8956521739130435,0.7988826815642458,0.8472674277386447,"[[618, 112], [32, 286]]"
10,2,20,16,0.3,0.8863521218299866,0.8683205842971802,0.8769883513450623,0.2761823534965515,0.2861857414245605,0.8764626015027782,0.8683206106870229,0.9024045261669024,0.7976539589442815,0.850029242555592,"[[638, 92], [46, 272]]"
10,3,20,16,0.3,0.8864366412162781,0.8606870174407959,0.8409332036972046,0.2779558300971985,0.3032064735889435,0.8831449174437992,0.8606870229007634,0.8931185944363104,0.8,0.8465592972181553,"[[610, 120], [26, 292]]"
10,4,20,16,0.3,0.8915102481842041,0.8635495901107788,0.8685047626495361,0.263099193572998,0.3295416533946991,0.8784837395387723,0.8635496183206107,0.8970482361411087,0.7977369165487977,0.8473925763449532,"[[623, 107], [36, 282]]"
10,5,20,16,0.3,0.8903263807296753,0.8462272882461548,0.8600212335586548,0.2650686204433441,0.3059199154376983,0.8697015809291121,0.8462273161413563,0.882051282051282,0.7791495198902606,0.8306004009707713,"[[602, 128], [33, 284]]"
10,6,20,16,0.3,0.8899036049842834,0.8729704022407532,0.8695651888847351,0.2733328640460968,0.2966134548187256,0.8790080326916809,0.8729703915950334,0.9065354884047786,0.8017883755588674,0.854161931981823,"[[645, 85], [48, 269]]"
10,7,20,16,0.3,0.8817858695983887,0.8595988750457764,0.8494167327880859,0.2855401039123535,0.3064526915550232,0.8784693405313483,0.8595988538681948,0.8932461873638344,0.7949790794979079,0.8441126334308712,"[[615, 115], [32, 285]]"
10,8,20,16,0.3,0.8837307691574097,0.8777459263801575,0.8388122916221619,0.2781118750572204,0.3144542276859283,0.8902109925280739,0.87774594078319,0.9083094555873924,0.8166189111747851,0.8624641833810888,"[[634, 96], [32, 285]]"
10,9,20,16,0.3,0.8808557391166687,0.8720152974128723,0.8642629981040955,0.2833940684795379,0.2915473282337188,0.8869839255852411,0.8720152817574021,0.903458213256484,0.8101983002832861,0.856828256769885,"[[627, 103], [31, 286]]"
10,10,20,16,0.3,0.8799256086349487,0.8634192943572998,0.8950158953666687,0.2865503430366516,0.3126619756221771,0.8715053531716699,0.8634192932187201,0.8989399293286219,0.7893961708394698,0.8441680500840458,"[[636, 94], [49, 268]]"
10,1,20,16,0.5,0.8823778033256531,0.8807252049446106,0.8610816597938538,0.2820169031620025,0.2759994864463806,0.8944386731564116,0.8807251908396947,0.910136592379583,0.8226950354609929,0.866415813920288,"[[633, 97], [28, 290]]"
10,2,20,16,0.5,0.88406902551651,0.8864504098892212,0.8759278655052185,0.2781902849674225,0.2851140797138214,0.8882892260754855,0.8864503816793893,0.9176470588235294,0.8172043010752689,0.8674256799493991,"[[663, 67], [52, 266]]"
10,3,20,16,0.5,0.878995418548584,0.8606870174407959,0.848356306552887,0.2975843548774719,0.3250092566013336,0.886012440178094,0.8606870229007634,0.8924889543446245,0.8021680216802168,0.8473284880124207,"[[606, 124], [22, 296]]"
10,4,20,16,0.5,0.8832234144210815,0.8740457892417908,0.8875927925109863,0.2792759239673614,0.2935818433761596,0.8815591366052316,0.8740458015267175,0.9067796610169492,0.8058823529411765,0.8563310069790628,"[[642, 88], [44, 274]]"
10,5,20,16,0.5,0.8314730525016785,0.8108882308006287,0.8229056000709534,0.3931633532047272,0.3823119401931762,0.8383183713300312,0.8108882521489972,0.8541973490427098,0.7309782608695652,0.7925878049561375,"[[580, 150], [48, 269]]"
10,6,20,16,0.5,0.887874186038971,0.8481375575065613,0.8674443364143372,0.2718848586082458,0.3278065323829651,0.8687838645544448,0.8481375358166189,0.8841951930080116,0.7794729542302358,0.8318340736191236,"[[607, 123], [36, 281]]"
10,7,20,16,0.5,0.8844072222709656,0.8653295040130615,0.8430540561676025,0.2817393839359283,0.3046478927135467,0.8820713244555287,0.8653295128939829,0.8980477223427332,0.8016877637130801,0.8498677430279067,"[[621, 109], [32, 285]]"
10,8,20,16,0.5,0.8816167712211609,0.8701050877571106,0.8419936299324036,0.2853820621967315,0.3323201239109039,0.8882371880034374,0.8701050620821394,0.9013062409288825,0.8100558659217877,0.8556810534253351,"[[621, 109], [27, 290]]"
10,9,20,16,0.5,0.8493996262550354,0.8548232913017273,0.8451749682426453,0.3512537777423858,0.3282440304756164,0.8675523505989059,0.8548233046800382,0.8912732474964234,0.7816091954022989,0.8364412214493612,"[[623, 107], [45, 272]]"
10,10,20,16,0.5,0.8543886542320251,0.8414517641067505,0.848356306552887,0.3402286171913147,0.3526940047740936,0.8494577337137439,0.8414517669531996,0.8829337094499294,0.7544378698224852,0.8186857896362073,"[[626, 104], [62, 255]]"
10,1,20,32,0.2,0.6216810345649719,0.7662213444709778,0.7539766430854797,0.651565432548523,0.5869623422622681,0.7582649438301392,0.7662213740458015,0.8374253483742535,0.5840407470288624,0.710733047701558,"[[631, 99], [146, 172]]"
10,2,20,32,0.2,0.8684254884719849,0.8788167834281921,0.8695651888847351,0.3084040880203247,0.2919730246067047,0.8883211261434677,0.8788167938931297,0.9097370291400142,0.8156748911465893,0.8627059601433018,"[[640, 90], [37, 281]]"
10,3,20,32,0.2,0.8795873522758484,0.8673664331436157,0.8663839101791382,0.2933236956596374,0.2914807200431824,0.8718939426914313,0.8673664122137404,0.9028651292802236,0.7909774436090226,0.8469212864446231,"[[646, 84], [55, 263]]"
10,4,20,32,0.2,0.8733299374580383,0.8711832165718079,0.8822905421257019,0.3018523156642914,0.3040640354156494,0.8735209773855901,0.8711832061068703,0.9064449064449064,0.7932618683001531,0.8498533873725298,"[[654, 76], [59, 259]]"
10,5,20,32,0.2,0.878995418548584,0.8404966592788696,0.8557794094085693,0.2908801734447479,0.3329904079437256,0.8656323328083314,0.8404966571155683,0.8772961058045555,0.772169167803547,0.8247326368040513,"[[597, 133], [34, 283]]"
10,6,20,32,0.2,0.8755285143852234,0.8299904465675354,0.8494167327880859,0.3050282001495361,0.368557721376419,0.8612178523891804,0.8299904489016237,0.8677563150074294,0.7620320855614974,0.8148942002844635,"[[584, 146], [32, 285]]"
10,7,20,32,0.2,0.8486385941505432,0.8271251320838928,0.848356306552887,0.3518712520599365,0.3730494379997253,0.8378165303538947,0.8271251193887297,0.8715400993612491,0.7357664233576642,0.8036532613594567,"[[614, 116], [65, 252]]"
10,8,20,32,0.2,0.8411127924919128,0.8471824526786804,0.8324496150016785,0.3700046241283417,0.3576273322105407,0.8619006584588004,0.8471824259789876,0.8850574712643678,0.7720797720797721,0.82856862167207,"[[616, 114], [46, 271]]"
10,9,20,32,0.2,0.8757821917533875,0.8701050877571106,0.8727465271949768,0.2969259619712829,0.3021038472652435,0.8834057154500982,0.8701050620821394,0.902439024390244,0.8057142857142857,0.8540766550522649,"[[629, 101], [35, 282]]"
10,10,20,32,0.2,0.8420429825782776,0.8290353417396545,0.8451749682426453,0.3683871328830719,0.3796307742595672,0.8429630042466325,0.8290353390639924,0.8718682891911238,0.7431850789096126,0.8075266840503682,"[[609, 121], [58, 259]]"
10,1,20,32,0.3,0.8738372921943665,0.8730915784835815,0.8504772186279297,0.2992618978023529,0.2915613651275635,0.8865150341351509,0.8730916030534351,0.9045226130653268,0.8108108108108109,0.8576667119380688,"[[630, 100], [33, 285]]"
10,2,20,32,0.3,0.8734990954399109,0.8788167834281921,0.8685047626495361,0.2983908355236053,0.3025542199611664,0.8868799403631218,0.8788167938931297,0.9101203113941968,0.8140556368960469,0.8620879741451218,"[[643, 87], [40, 278]]"
10,3,20,32,0.3,0.8707931637763977,0.8625954389572144,0.8419936299324036,0.3047239482402801,0.3262687921524048,0.8908626506523185,0.8625954198473282,0.8933333333333333,0.806970509383378,0.8501519213583557,"[[603, 127], [17, 301]]"
10,4,20,32,0.3,0.8743446469306946,0.8616412281990051,0.8695651888847351,0.2946648299694061,0.3168225288391113,0.8727341628574344,0.8616412213740458,0.8966500356379188,0.7907647907647908,0.8437074132013548,"[[629, 101], [44, 274]]"
10,5,20,32,0.3,0.8806866407394409,0.8414517641067505,0.8398727178573608,0.2942816019058227,0.3711547255516052,0.8676438135915631,0.8414517669531996,0.8777614138438881,0.7744565217391305,0.8261089677915092,"[[596, 134], [32, 285]]"
10,6,20,32,0.3,0.8443260788917542,0.8347659707069397,0.8377518653869629,0.3658746778964996,0.369404673576355,0.8479224678422901,0.8347659980897804,0.8763402430307362,0.7510791366906475,0.8137096898606919,"[[613, 117], [56, 261]]"
10,7,20,32,0.3,0.8752748370170593,0.8701050877571106,0.8738070130348206,0.2976025640964508,0.3034107685089111,0.8796803949647294,0.8701050620821394,0.9034090909090908,0.8017492711370262,0.8525791810230585,"[[636, 94], [42, 275]]"
10,8,20,32,0.3,0.8774733543395996,0.8653295040130615,0.8377518653869629,0.2960646152496338,0.3066819012165069,0.8808504559220891,0.8653295128939829,0.8983417447728911,0.8005657708628006,0.8494537578178458,"[[623, 107], [34, 283]]"
10,9,20,32,0.3,0.871131420135498,0.8796561360359192,0.8716861009597778,0.3004941046237945,0.2845161855220794,0.8853164558560983,0.8796561604584527,0.9115168539325844,0.8119402985074626,0.8617285762200235,"[[649, 81], [45, 272]]"
10,10,20,32,0.3,0.8726534843444824,0.8710601925849915,0.8738070130348206,0.3071926832199096,0.3070602715015411,0.8751514703285457,0.8710601719197708,0.9057920446615492,0.7957639939485628,0.850778019305056,"[[649, 81], [54, 263]]"
10,1,20,32,0.5,0.8682563900947571,0.8597328066825867,0.8260869383811951,0.3127259910106659,0.3279969990253448,0.8798418276289182,0.8597328244274809,0.8929351784413693,0.7966804979253111,0.8448078381833402,"[[613, 117], [30, 288]]"
10,2,20,32,0.5,0.8730762600898743,0.8597328066825867,0.8695651888847351,0.3055428862571716,0.3280035555362701,0.8688537892759343,0.8597328244274809,0.8958185683912119,0.7854014598540145,0.8406100141226132,"[[632, 98], [49, 269]]"
10,3,20,32,0.5,0.8734990954399109,0.8616412281990051,0.8632025718688965,0.3005698621273041,0.3051230013370514,0.8797194780078791,0.8616412213740458,0.8948513415518492,0.797768479776848,0.8463099106643486,"[[617, 113], [32, 286]]"
10,4,20,32,0.5,0.8685100674629211,0.8435114622116089,0.8600212335586548,0.3071211874485016,0.3703745901584625,0.8666594302100274,0.8435114503816794,0.8799414348462665,0.7753424657534247,0.8276419502998456,"[[601, 129], [35, 283]]"
10,5,20,32,0.5,0.8710468411445618,0.8280802369117737,0.8451749682426453,0.3098697960376739,0.3636219203472137,0.8563030171501183,0.828080229226361,0.8670605612998523,0.7567567567567568,0.8119086590283046,"[[587, 143], [37, 280]]"
10,6,20,32,0.5,0.8827160596847534,0.8319006562232971,0.8536585569381714,0.290355384349823,0.37193563580513,0.8622684363358133,0.8319006685768864,0.8694362017804155,0.7640750670241286,0.8167556344022721,"[[586, 144], [32, 285]]"
10,7,20,32,0.5,0.875190258026123,0.8605539798736572,0.8642629981040955,0.3039916455745697,0.3167002499103546,0.8747780888277257,0.8605539637058262,0.8951149425287356,0.792022792022792,0.8435688672757637,"[[623, 107], [39, 278]]"
10,8,20,32,0.5,0.8718924522399902,0.8729704022407532,0.8525980710983276,0.3023530840873718,0.3044214844703674,0.885330965945168,0.8729703915950334,0.9047959914101646,0.8091822094691535,0.856989100439659,"[[632, 98], [35, 282]]"
10,9,20,32,0.5,0.865804135799408,0.8615090847015381,0.8685047626495361,0.3113549053668976,0.3255879580974579,0.8759887544506888,0.8615090735434575,0.8957584471603163,0.7937411095305832,0.8447497783454497,"[[623, 107], [38, 279]]"
10,10,20,32,0.5,0.8724843859672546,0.8481375575065613,0.8727465271949768,0.3048897683620453,0.3367981314659118,0.8608246993982879,0.8481375358166189,0.8863473909935669,0.7712230215827338,0.8287852062881503,"[[620, 110], [49, 268]]"
10,1,20,64,0.2,0.8682563900947571,0.8425572514533997,0.8229056000709534,0.309492826461792,0.3623318672180176,0.8727876002359255,0.8425572519083969,0.8775055679287305,0.7797062750333779,0.8286059214810542,"[[591, 139], [26, 292]]"
10,2,20,64,0.2,0.8629291653633118,0.875,0.8568398952484131,0.3200407922267914,0.3131094574928283,0.8851305729321814,0.875,0.906761565836299,0.8104196816208393,0.8585906237285692,"[[637, 93], [38, 280]]"
10,3,20,64,0.2,0.867749035358429,0.8730915784835815,0.8441145420074463,0.3157191872596741,0.2886459827423095,0.88132637090029,0.8730916030534351,0.9058740268931352,0.8052708638360175,0.8555724453645763,"[[640, 90], [43, 275]]"
10,4,20,64,0.2,0.8675799369812012,0.8358778357505798,0.8610816597938538,0.3183334767818451,0.3360391855239868,0.8515465706088985,0.8358778625954199,0.8762589928057554,0.7563739376770539,0.8163164652414046,"[[609, 121], [51, 267]]"
10,5,20,64,0.2,0.8750211596488953,0.8490926623344421,0.8600212335586548,0.3044203817844391,0.3270213305950165,0.868054452874909,0.8490926456542502,0.8853410740203193,0.7793296089385475,0.8323353414794334,"[[610, 120], [38, 279]]"
10,6,20,64,0.2,0.8616607189178467,0.8672397136688232,0.8610816597938538,0.3312208354473114,0.3195254206657409,0.8721843259742618,0.8672397325692455,0.9027291812456264,0.7909774436090226,0.8468533124273245,"[[645, 85], [54, 263]]"
10,7,20,64,0.2,0.8671571016311646,0.8787010312080383,0.8759278655052185,0.316757321357727,0.2885610163211822,0.8812654615241572,0.8787010506208214,0.9118667591950036,0.8055130168453293,0.8586898880201664,"[[657, 73], [54, 263]]"
10,8,20,64,0.2,0.8582783937454224,0.8662846088409424,0.848356306552887,0.3258800208568573,0.3059722185134887,0.8791616109035958,0.8662846227316141,0.8997134670487106,0.7994269340974212,0.8495702005730659,"[[628, 102], [38, 279]]"
10,9,20,64,0.2,0.861068844795227,0.862464189529419,0.8642629981040955,0.3180642426013946,0.3188207149505615,0.8777941809906462,0.8624641833810889,0.8962536023054755,0.7960339943342776,0.8461437983198765,"[[622, 108], [36, 281]]"
10,10,20,64,0.2,0.7231523990631104,0.6943648457527161,0.7168610692024231,0.5701236724853516,0.5769084095954895,0.7608740661774994,0.6943648519579751,0.7492163009404389,0.60880195599022,0.6790091284653295,"[[478, 252], [68, 249]]"
10,1,20,64,0.3,0.8649585843086243,0.8587786555290222,0.8388122916221619,0.3216280341148376,0.3426313698291778,0.8792597377357755,0.8587786259541985,0.892128279883382,0.7955801104972375,0.8438541951903098,"[[612, 118], [30, 288]]"
10,2,20,64,0.3,0.8384069204330444,0.8463740348815918,0.8568398952484131,0.3816295862197876,0.3457863926887512,0.8579807629050736,0.8463740458015268,0.8852459016393442,0.7676767676767676,0.8264613346580559,"[[621, 109], [52, 266]]"
10,3,20,64,0.3,0.8705394864082336,0.8463740348815918,0.8282078504562378,0.3107962310314178,0.3690149486064911,0.8796656472503013,0.8463740458015268,0.8797610156833457,0.7873183619550859,0.8335396888192158,"[[589, 141], [20, 298]]"
10,4,20,64,0.3,0.8686791658401489,0.857824444770813,0.8748674392700195,0.3176656365394592,0.3213656544685364,0.8655702112200293,0.857824427480916,0.89484827099506,0.780559646539028,0.8377039587670441,"[[634, 96], [53, 265]]"
10,5,20,64,0.3,0.8700321316719055,0.8557783961296082,0.8568398952484131,0.3123185038566589,0.332396924495697,0.8704711876446776,0.8557784145176696,0.8914450035945363,0.7852062588904695,0.8383256312425029,"[[620, 110], [41, 276]]"
10,6,20,64,0.3,0.8671571016311646,0.8595988750457764,0.8716861009597778,0.3193001747131347,0.3141927123069763,0.8639198459400786,0.8595988538681948,0.8974180041870202,0.7776096822995462,0.8375138432432832,"[[643, 87], [60, 257]]"
10,7,20,64,0.3,0.8686791658401489,0.8634192943572998,0.8642629981040955,0.3139931857585907,0.3103770911693573,0.8724648209486919,0.8634192932187201,0.8986534372785259,0.7906295754026355,0.8446415063405807,"[[634, 96], [47, 270]]"
10,8,20,64,0.3,0.8613225221633911,0.8643743991851807,0.8441145420074463,0.3230629861354828,0.3402718305587768,0.8860676530437218,0.8643744030563515,0.8961988304093568,0.8044077134986226,0.8503032719539897,"[[613, 117], [25, 292]]"
10,9,20,64,0.3,0.8675799369812012,0.8615090847015381,0.8494167327880859,0.3132733106613159,0.3277197480201721,0.8822923665178714,0.8615090735434575,0.8942377826404084,0.7994467496542186,0.8468422661473135,"[[613, 117], [28, 289]]"
10,10,20,64,0.3,0.8619143962860107,0.837631344795227,0.8547189831733704,0.3319186866283417,0.3557849526405334,0.8604041721238072,0.8376313276026743,0.8757309941520468,0.7658402203856749,0.8207856072688609,"[[599, 131], [39, 278]]"
10,1,20,64,0.5,0.8713005185127258,0.8759542107582092,0.8579003214836121,0.3101117312908172,0.3090592920780182,0.8884352459249546,0.8759541984732825,0.9068767908309456,0.8142857142857143,0.86058125255833,"[[633, 97], [33, 285]]"
10,2,20,64,0.5,0.8620835542678833,0.8711832165718079,0.858960747718811,0.3271281719207763,0.2946886718273163,0.8748860202100748,0.8711832061068703,0.9059233449477352,0.7957639939485628,0.8508436694481489,"[[650, 80], [55, 263]]"
10,3,20,64,0.5,0.8652967810630798,0.8406488299369812,0.8260869383811951,0.3177744150161743,0.3535241484642029,0.8792440492153449,0.8406488549618321,0.8741522230595328,0.7828348504551366,0.8284935367573347,"[[580, 150], [17, 301]]"
10,4,20,64,0.5,0.8669880032539368,0.8396946787834167,0.8494167327880859,0.312067449092865,0.3726749420166015,0.8688732230678415,0.8396946564885496,0.8755555555555555,0.774798927613941,0.8251772415847483,"[[591, 139], [29, 289]]"
10,5,20,64,0.5,0.8644512295722961,0.8347659707069397,0.8356309533119202,0.3244355618953705,0.3877850174903869,0.8661992064046716,0.8347659980897804,0.8713754646840148,0.7690253671562083,0.8202004159201115,"[[586, 144], [29, 288]]"
10,6,20,64,0.5,0.864874005317688,0.8443170785903931,0.8632025718688965,0.3256918787956238,0.3452084064483642,0.8644502106866436,0.8443170964660937,0.8814545454545455,0.7732962447844228,0.8273753951194842,"[[606, 124], [39, 278]]"
10,7,20,64,0.5,0.8647049069404602,0.8586437702178955,0.8568398952484131,0.3214867413043976,0.3151086568832397,0.864403373501618,0.8586437440305635,0.8962131837307152,0.7784431137724551,0.8373281487515851,"[[639, 91], [57, 260]]"
10,8,20,64,0.5,0.8719769716262817,0.8481375575065613,0.8356309533119202,0.3104208111763,0.3624042868614197,0.8759295030359787,0.8481375358166189,0.8824833702882483,0.7854251012145749,0.8339542357514116,"[[597, 133], [26, 291]]"
10,9,20,64,0.5,0.8715541958808899,0.8758357167243958,0.8769883513450623,0.3025132119655609,0.2977684736251831,0.8828798804445267,0.8758357211079274,0.9083215796897038,0.8076923076923077,0.8580069436910058,"[[644, 86], [44, 273]]"
10,10,20,64,0.5,0.8592085242271423,0.8366762399673462,0.8579003214836121,0.3271593749523163,0.354226142168045,0.8465498016516381,0.836676217765043,0.8788093550673282,0.7496339677891655,0.8142216614282468,"[[620, 110], [61, 256]]"
10,1,30,16,0.2,0.8987823724746704,0.8721374273300171,0.8632025718688965,0.2457288056612014,0.2889891564846039,0.8821086784524172,0.8721374045801527,0.9046941678520626,0.8057971014492754,0.8552456346506689,"[[636, 94], [40, 278]]"
10,2,30,16,0.2,0.6030779480934143,0.7643129825592041,0.7794273495674133,0.6747105121612549,0.551396369934082,0.7534570663796399,0.7643129770992366,0.8388780169602087,0.5612788632326821,0.7000784400964454,"[[643, 87], [160, 158]]"
10,3,30,16,0.2,0.9005581140518188,0.8769084215164185,0.8663839101791382,0.2381339371204376,0.2799496054649353,0.889081177689691,0.8769083969465649,0.9076592698639944,0.8154506437768241,0.8615549568204093,"[[634, 96], [33, 285]]"
10,4,30,16,0.2,0.8285980224609375,0.7433205842971802,0.7423117756843567,0.3817687928676605,0.5181690454483032,0.743549030581193,0.7433206106870229,0.8156271418779987,0.5777080062794349,0.6966675740787167,"[[595, 135], [134, 184]]"
10,5,30,16,0.2,0.9018265008926392,0.862464189529419,0.8632025718688965,0.2422855794429779,0.3058665692806244,0.8777941809906462,0.8624641833810889,0.8962536023054755,0.7960339943342776,0.8461437983198765,"[[622, 108], [36, 281]]"
10,6,30,16,0.2,0.9036022424697876,0.873925507068634,0.8674443364143372,0.23698391020298,0.3032189607620239,0.8777755031793538,0.8739255014326648,0.9079497907949792,0.8,0.8539748953974896,"[[651, 79], [53, 264]]"
10,7,30,16,0.2,0.8678336143493652,0.8414517641067505,0.8345705270767212,0.3124863505363464,0.3472990691661834,0.8698937419982229,0.8414517669531996,0.8772189349112426,0.7762803234501348,0.8267496291806886,"[[593, 137], [29, 288]]"
10,8,30,16,0.2,0.906308114528656,0.8758357167243958,0.858960747718811,0.2251706719398498,0.2935320734977722,0.890659823423079,0.8758357211079274,0.9063400576368876,0.8158640226628895,0.8611020401498886,"[[629, 101], [29, 288]]"
10,9,30,16,0.2,0.8657196164131165,0.8586437702178955,0.8345705270767212,0.318252831697464,0.3348588645458221,0.883406578053153,0.8586437440305635,0.8911764705882353,0.7983651226158038,0.8447707966020196,"[[606, 124], [24, 293]]"
10,10,30,16,0.2,0.8914256691932678,0.8395415544509888,0.8557794094085693,0.2624162137508392,0.3776094317436218,0.8650787652045099,0.839541547277937,0.8764705882352941,0.771117166212534,0.8237938772239141,"[[596, 134], [34, 283]]"
10,1,30,16,0.3,0.9028412103652954,0.8654580116271973,0.8494167327880859,0.2316648662090301,0.2914505898952484,0.888074343760465,0.8654580152671756,0.8967032967032967,0.8071135430916553,0.851908419897476,"[[612, 118], [23, 295]]"
10,2,30,16,0.3,0.904194176197052,0.8940839767456055,0.891834557056427,0.2332587093114853,0.2815520167350769,0.8976974362872313,0.8940839694656488,0.9225401256106072,0.832579185520362,0.8775596555654845,"[[661, 69], [42, 276]]"
10,3,30,16,0.3,0.8975985050201416,0.8683205842971802,0.8557794094085693,0.2502752244472503,0.2836126387119293,0.8805237055018128,0.8683206106870229,0.9012875536480688,0.8022922636103151,0.851789908629192,"[[630, 100], [38, 280]]"
10,4,30,16,0.3,0.9056316614151,0.8673664331436157,0.8833510279655457,0.2303741127252578,0.311480700969696,0.8793310429348556,0.8673664122137404,0.9006433166547534,0.8005738880918221,0.8506086023732877,"[[630, 100], [39, 279]]"
10,5,30,16,0.3,0.8074581623077393,0.7755491733551025,0.8101802468299866,0.4416739642620086,0.4644316136837005,0.8174879531648854,0.775549188156638,0.8226415094339623,0.694408322496749,0.7585249159653557,"[[545, 185], [50, 267]]"
10,6,30,16,0.3,0.8782343864440918,0.8462272882461548,0.8632025718688965,0.2913145422935486,0.3299506306648254,0.8718585863768473,0.8462273161413563,0.8815305371596762,0.780952380952381,0.8312414590560286,"[[599, 131], [30, 287]]"
10,7,30,16,0.3,0.9018265008926392,0.8806112408638,0.8685047626495361,0.2401691377162933,0.31836798787117,0.8825298991867846,0.8806112702960841,0.9134948096885812,0.8073959938366718,0.8604454017626265,"[[660, 70], [55, 262]]"
10,8,30,16,0.3,0.8726534843444824,0.8681948184967041,0.847295880317688,0.3044541180133819,0.3212063312530517,0.8857645699590659,0.8681948424068768,0.9,0.8067226890756303,0.8533613445378152,"[[621, 109], [29, 288]]"
10,9,30,16,0.3,0.9026720523834229,0.8767908215522766,0.8685047626495361,0.2339450865983963,0.2826000154018402,0.8804056192354867,0.8767908309455588,0.9101045296167248,0.8042488619119879,0.8571766957643563,"[[653, 77], [52, 265]]"
10,10,30,16,0.3,0.899120569229126,0.8662846088409424,0.8844114542007446,0.2388894110918045,0.3061896860599518,0.8735959507970871,0.8662846227316141,0.9012693935119888,0.7928994082840237,0.8470844008980063,"[[639, 91], [49, 268]]"
10,1,30,16,0.5,0.8609842658042908,0.8616412281990051,0.8388122916221619,0.3334342539310455,0.3219492733478546,0.8778480275042247,0.8616412213740458,0.8953068592057761,0.7960618846694796,0.8456843719376279,"[[620, 110], [35, 283]]"
10,2,30,16,0.5,0.8543886542320251,0.8559160232543945,0.858960747718811,0.3367305696010589,0.3237792551517486,0.8729578669222097,0.8559160305343512,0.8908170643528561,0.788218793828892,0.8395179290908741,"[[616, 114], [37, 281]]"
10,3,30,16,0.5,0.8960764408111572,0.8692747950553894,0.8557794094085693,0.2502139210700989,0.2819657921791076,0.8870545920429815,0.8692748091603053,0.9006526468455403,0.8089260808926081,0.8547893638690742,"[[621, 109], [28, 290]]"
10,4,30,16,0.5,0.898190438747406,0.8540076613426208,0.8748674392700195,0.2473177909851074,0.3166266977787018,0.8730286130891961,0.8540076335877863,0.8888888888888888,0.7872044506258693,0.8380466697573791,"[[612, 118], [35, 283]]"
10,5,30,16,0.5,0.871131420135498,0.832855761051178,0.8536585569381714,0.3156158328056335,0.3541741669178009,0.8521340053911853,0.8328557784145176,0.8730964467005076,0.7552447552447552,0.8141706009726314,"[[602, 128], [47, 270]]"
10,6,30,16,0.5,0.9004735350608826,0.8557783961296082,0.8748674392700195,0.2474401742219925,0.3101120293140411,0.8676517234391743,0.8557784145176696,0.8922198429693077,0.7821067821067821,0.8371633125380449,"[[625, 105], [46, 271]]"
10,7,30,16,0.5,0.8883815407752991,0.8758357167243958,0.8780487775802612,0.2605925500392914,0.2969852089881897,0.8828798804445267,0.8758357211079274,0.9083215796897038,0.8076923076923077,0.8580069436910058,"[[644, 86], [44, 273]]"
10,8,30,16,0.5,0.8699475526809692,0.869149923324585,0.847295880317688,0.3123528659343719,0.313736617565155,0.8845255879639833,0.8691499522445081,0.9012256669069936,0.8062234794908062,0.8537245731988998,"[[625, 105], [32, 285]]"
10,9,30,16,0.5,0.8927786350250244,0.8758357167243958,0.8632025718688965,0.2616624236106872,0.2842414379119873,0.8828798804445267,0.8758357211079274,0.9083215796897038,0.8076923076923077,0.8580069436910058,"[[644, 86], [44, 273]]"
10,10,30,16,0.5,0.8893962502479553,0.8605539798736572,0.8812301158905029,0.2623414695262909,0.3247378766536712,0.8704360074003661,0.8605539637058262,0.8963068181818182,0.7871720116618076,0.8417394149218129,"[[631, 99], [47, 270]]"
10,1,30,32,0.2,0.8664806485176086,0.8559160232543945,0.8335101008415222,0.3203480839729309,0.3295455873012543,0.877528110612323,0.8559160305343512,0.8897005113221329,0.7922971114167813,0.8409988113694571,"[[609, 121], [30, 288]]"
10,2,30,32,0.2,0.8863521218299866,0.8816794157028198,0.8716861009597778,0.2717058956623077,0.2950374484062195,0.8894264801757772,0.8816793893129771,0.9123055162659124,0.8181818181818182,0.8652436672238653,"[[645, 85], [39, 279]]"
10,3,30,32,0.2,0.88499915599823,0.8635495901107788,0.8600212335586548,0.2760135233402252,0.29566091299057,0.8841767780657397,0.8635496183206107,0.8956965718453683,0.8027586206896552,0.8492275962675118,"[[614, 116], [27, 291]]"
10,4,30,32,0.2,0.8838998675346375,0.8664122223854065,0.8791092038154602,0.2774152457714081,0.3079265058040619,0.879795242515865,0.8664122137404581,0.8995695839311334,0.8005698005698005,0.8500696922504669,"[[627, 103], [37, 281]]"
10,5,30,32,0.2,0.8916793465614319,0.8424068689346313,0.8547189831733704,0.2624527215957641,0.3463169634342193,0.8653343731037091,0.8424068767908309,0.8792977322604243,0.7730398899587345,0.8261688111095794,"[[601, 129], [36, 281]]"
10,6,30,32,0.2,0.8845763802528381,0.8395415544509888,0.8568398952484131,0.2782204449176788,0.3436104357242584,0.85759806304882,0.839541547277937,0.8784370477568741,0.7640449438202247,0.8212409957885494,"[[607, 123], [45, 272]]"
10,7,30,32,0.2,0.8877896070480347,0.873925507068634,0.8621420860290527,0.2740621864795685,0.2897922396659851,0.8828874061901956,0.8739255014326648,0.9063829787234042,0.8070175438596491,0.8567002612915267,"[[639, 91], [41, 276]]"
10,8,30,32,0.2,0.8837307691574097,0.8882521390914917,0.8632025718688965,0.280611127614975,0.2898294329643249,0.8965287674388132,0.8882521489971347,0.9170800850460666,0.828696925329429,0.8728885051877477,"[[647, 83], [34, 283]]"
10,9,30,32,0.2,0.8889734745025635,0.8796561360359192,0.8610816597938538,0.2647903263568878,0.2945639491081238,0.8980557424202761,0.8796561604584527,0.9084302325581396,0.8245125348189415,0.8664713836885405,"[[625, 105], [21, 296]]"
10,10,30,32,0.2,0.8853374123573303,0.8643743991851807,0.8706256747245789,0.2717877924442291,0.3334940075874328,0.8833810172968729,0.8643744030563515,0.8968023255813954,0.8022284122562674,0.8495153689188314,"[[617, 113], [29, 288]]"
10,1,30,32,0.3,0.8944697976112366,0.875,0.8557794094085693,0.2577439546585083,0.3036383986473083,0.8889250489626945,0.875,0.905823148813803,0.8141843971631205,0.8600037729884618,"[[630, 100], [31, 287]]"
10,2,30,32,0.3,0.8791645765304565,0.8711832165718079,0.8579003214836121,0.2865626215934753,0.3089015781879425,0.8830146898793055,0.8711832061068703,0.9035025017869908,0.806312769010043,0.8549076353985169,"[[632, 98], [37, 281]]"
10,3,30,32,0.3,0.8904109597206116,0.8616412281990051,0.8515376448631287,0.2665645182132721,0.2838161289691925,0.883024053727167,0.8616412213740458,0.8940832724616509,0.8005502063273727,0.8473167393945118,"[[612, 118], [27, 291]]"
10,4,30,32,0.3,0.8829697370529175,0.8311068415641785,0.8579003214836121,0.2708026468753814,0.3468857407569885,0.8649858003235075,0.8311068702290076,0.8678117998506348,0.7661822985468957,0.8169970491987653,"[[581, 149], [28, 290]]"
10,5,30,32,0.3,0.8894808292388916,0.8471824526786804,0.8525980710983276,0.2725979685783386,0.3240013718605041,0.8709719205032231,0.8471824259789876,0.8826979472140762,0.7808219178082192,0.8317599325111478,"[[602, 128], [32, 285]]"
10,6,30,32,0.3,0.8834770917892456,0.8576886057853699,0.8663839101791382,0.2878583371639251,0.3108514547348022,0.8735001918383009,0.8576886341929322,0.8925739005046863,0.7892503536067893,0.8409121270557378,"[[619, 111], [38, 279]]"
10,7,30,32,0.3,0.8876205086708069,0.856733500957489,0.8600212335586548,0.2647810280323028,0.3163330256938934,0.8722803342338893,0.8567335243553008,0.8919308357348703,0.7875354107648725,0.8397331232498715,"[[619, 111], [39, 278]]"
10,8,30,32,0.3,0.8882124423980713,0.8844317197799683,0.8547189831733704,0.2615732848644256,0.272106260061264,0.8947983940044867,0.8844317096466093,0.9137562366357804,0.8248914616497829,0.8693238491427817,"[[641, 89], [32, 285]]"
10,9,30,32,0.3,0.8866057991981506,0.8672397136688232,0.8695651888847351,0.272948294878006,0.3011157512664795,0.8798047100714459,0.8672397325692455,0.9005010737294202,0.8005738880918221,0.8505374809106212,"[[629, 101], [38, 279]]"
10,10,30,32,0.3,0.8838998675346375,0.850047767162323,0.8875927925109863,0.271459549665451,0.3133015632629394,0.8571212974895128,0.8500477554918816,0.8895144264602393,0.7667161961367014,0.8281153112984703,"[[632, 98], [59, 258]]"
10,1,30,32,0.5,0.8664806485176086,0.8616412281990051,0.8430540561676025,0.3167100846767425,0.3318797945976257,0.8865616157088357,0.8616412213740458,0.8933038999264165,0.8032564450474898,0.8482801724869531,"[[607, 123], [22, 296]]"
10,2,30,32,0.5,0.8778116106987,0.8740457892417908,0.8642629981040955,0.2961938679218292,0.3227036893367767,0.8839547856723429,0.8740458015267175,0.9061166429587484,0.808695652173913,0.8574061475663307,"[[637, 93], [39, 279]]"
10,3,30,32,0.5,0.8844072222709656,0.8520992398262024,0.8419936299324036,0.2752838432788849,0.3678967654705047,0.8819525013422009,0.8520992366412213,0.8849294729027468,0.7930574098798397,0.8389934413912933,"[[596, 134], [21, 297]]"
10,4,30,32,0.5,0.8528665900230408,0.8406488299369812,0.8462353944778442,0.34523406624794,0.3684703409671783,0.8671485927991751,0.8406488549618321,0.8769344141488578,0.774018944519621,0.8254766793342394,"[[595, 135], [32, 286]]"
10,5,30,32,0.5,0.8572636842727661,0.8233046531677246,0.8462353944778442,0.3410435020923614,0.3750647008419037,0.8477070390959803,0.8233046800382043,0.8644688644688645,0.7462277091906722,0.8053482868297683,"[[590, 140], [45, 272]]"
10,6,30,32,0.5,0.8924403786659241,0.8605539798736572,0.8748674392700195,0.2698426842689514,0.3104744553565979,0.8704360074003661,0.8605539637058262,0.8963068181818182,0.7871720116618076,0.8417394149218129,"[[631, 99], [47, 270]]"
10,7,30,32,0.5,0.88592928647995,0.869149923324585,0.8568398952484131,0.2733657956123352,0.3072962760925293,0.8845255879639833,0.8691499522445081,0.9012256669069936,0.8062234794908062,0.8537245731988998,"[[625, 105], [32, 285]]"
10,8,30,32,0.5,0.8871976733207703,0.8748806118965149,0.8377518653869629,0.2738656997680664,0.3287014961242676,0.8882900207048509,0.874880611270296,0.9059583632447954,0.8131241084165478,0.8595412358306715,"[[631, 99], [32, 285]]"
10,9,30,32,0.5,0.8868594765663147,0.8490926623344421,0.8409332036972046,0.277132898569107,0.3463583290576935,0.8819786355935116,0.8490926456542502,0.8820895522388059,0.7904509283819628,0.8362702403103843,"[[591, 139], [19, 298]]"
10,10,30,32,0.5,0.8815321922302246,0.8471824526786804,0.8875927925109863,0.2771570682525635,0.3349120318889618,0.8580137499317742,0.8471824259789876,0.8862019914651493,0.7674418604651163,0.8268219259651328,"[[623, 107], [53, 264]]"
10,1,30,64,0.2,0.8722306489944458,0.8769084215164185,0.8366914391517639,0.3024181425571441,0.3069832324981689,0.8913430315501637,0.8769083969465649,0.9071274298056156,0.8175388967468176,0.8623331632762166,"[[630, 100], [29, 289]]"
10,2,30,64,0.2,0.8661423921585083,0.8559160232543945,0.8621420860290527,0.3187738060951233,0.3379859924316406,0.877528110612323,0.8559160305343512,0.8897005113221329,0.7922971114167813,0.8409988113694571,"[[609, 121], [30, 288]]"
10,3,30,64,0.2,0.88406902551651,0.8673664331436157,0.8271474242210388,0.284402847290039,0.3288052976131439,0.8966163431122419,0.8673664122137404,0.896807720861173,0.8144192256341789,0.8556134732476759,"[[604, 126], [13, 305]]"
10,4,30,64,0.2,0.8739218711853027,0.8520992398262024,0.8568398952484131,0.2986067235469818,0.3274990618228912,0.8718490177447474,0.8520992366412213,0.8872727272727273,0.7850208044382802,0.8361467658555037,"[[610, 120], [35, 283]]"
10,5,30,64,0.2,0.8796719312667847,0.8634192943572998,0.8674443364143372,0.2903019189834595,0.3124122023582458,0.8710399088544382,0.8634192932187201,0.8990825688073395,0.7887740029542097,0.8439282858807746,"[[637, 93], [50, 267]]"
10,6,30,64,0.2,0.8772196769714355,0.8529130816459656,0.8600212335586548,0.2939616441726684,0.3208428621292114,0.8692103652802113,0.8529130850047756,0.8888888888888888,0.7824858757062146,0.8356873822975517,"[[616, 114], [40, 277]]"
10,7,30,64,0.2,0.8776425123214722,0.8777459263801575,0.8663839101791382,0.2857216298580169,0.293575257062912,0.8870759050162198,0.87774594078319,0.9090909090909092,0.8134110787172012,0.8612509939040551,"[[640, 90], [38, 279]]"
10,8,30,64,0.2,0.8802638053894043,0.8643743991851807,0.8462353944778442,0.2850262820720672,0.3399693071842193,0.8867628125487657,0.8643744030563515,0.8960468521229868,0.804945054945055,0.8504959535340209,"[[612, 118], [24, 293]]"
10,9,30,64,0.2,0.8804329633712769,0.8815664052963257,0.8748674392700195,0.2865381240844726,0.2893483936786651,0.8836229984047277,0.8815663801337154,0.9141274238227148,0.8092307692307692,0.861679096526742,"[[660, 70], [54, 263]]"
10,10,30,64,0.2,0.8858447670936584,0.8538681864738464,0.8886532187461853,0.292179137468338,0.3040879666805267,0.8637108273934823,0.8538681948424068,0.8914123491838183,0.7766423357664234,0.8340273424751208,"[[628, 102], [51, 266]]"
10,1,30,64,0.3,0.8723152279853821,0.8845419883728027,0.8494167327880859,0.3042045533657074,0.3076887428760528,0.8943578076572366,0.8845419847328244,0.9138790035587188,0.8248914616497829,0.8693852326042508,"[[642, 88], [33, 285]]"
10,2,30,64,0.3,0.8763740658760071,0.8530534505844116,0.848356306552887,0.2967760562896728,0.3377000689506531,0.8751238364162818,0.8530534351145038,0.8874269005847953,0.7884615384615384,0.8379442195231669,"[[607, 123], [31, 287]]"
10,3,30,64,0.3,0.8822932243347168,0.885496199131012,0.847295880317688,0.2928634285926819,0.2958104908466339,0.897095182876513,0.8854961832061069,0.9141630901287554,0.828080229226361,0.8711216596775582,"[[639, 91], [29, 289]]"
10,4,30,64,0.3,0.8794182538986206,0.8654580116271973,0.8812301158905029,0.2887287735939026,0.3111444115638733,0.8785936374430185,0.8654580152671756,0.8989247311827957,0.7988587731811697,0.8488917521819828,"[[627, 103], [38, 280]]"
10,5,30,64,0.3,0.88406902551651,0.8366762399673462,0.8536585569381714,0.2887684106826782,0.3393738567829132,0.8619667873449053,0.836676217765043,0.8743570903747244,0.7667121418826739,0.8205346161286992,"[[595, 135], [36, 281]]"
10,6,30,64,0.3,0.8822087049484253,0.850047767162323,0.8706256747245789,0.2879137694835663,0.3198871314525604,0.8600116421021126,0.8500477554918816,0.8885734563520227,0.7708029197080292,0.829688188030026,"[[626, 104], [53, 264]]"
10,7,30,64,0.3,0.875190258026123,0.8844317197799683,0.8748674392700195,0.2938490808010101,0.2808825075626373,0.8889917925387033,0.8844317096466093,0.9153254023792862,0.8180451127819549,0.8666852575806205,"[[654, 76], [45, 272]]"
10,8,30,64,0.3,0.8713005185127258,0.8615090847015381,0.8366914391517639,0.2989523410797119,0.3092886209487915,0.8816202514875986,0.8615090735434575,0.8943918426802622,0.7988904299583911,0.8466411363193267,"[[614, 116], [29, 288]]"
10,9,30,64,0.3,0.8763740658760071,0.8720152974128723,0.8812301158905029,0.2931827902793884,0.2955819070339203,0.8858158862868046,0.8720152817574021,0.903735632183908,0.8091168091168092,0.8564262206503586,"[[629, 101], [33, 284]]"
10,10,30,64,0.3,0.8768814206123352,0.8557783961296082,0.8769883513450623,0.298727422952652,0.3293890357017517,0.8671151708433551,0.8557784145176696,0.8923734853884533,0.7814761215629522,0.8369248034757027,"[[626, 104], [47, 270]]"
10,1,30,64,0.5,0.8659732937812805,0.8683205842971802,0.8271474242210388,0.3147763013839721,0.3002135753631592,0.8897788775083184,0.8683206106870229,0.8991228070175439,0.8104395604395604,0.8547811837285522,"[[615, 115], [23, 295]]"
10,2,30,64,0.5,0.8842381238937378,0.8864504098892212,0.8579003214836121,0.2852509915828705,0.2859780788421631,0.8938307560323394,0.8864503816793893,0.9159010600706714,0.8252569750367107,0.870579017553691,"[[648, 82], [37, 281]]"
10,3,30,64,0.5,0.8741755485534668,0.8711832165718079,0.8568398952484131,0.2994848489761352,0.3029471933841705,0.8852492995002166,0.8711832061068703,0.9029475197699496,0.8085106382978723,0.8557290790339109,"[[628, 102], [33, 285]]"
10,4,30,64,0.5,0.873752772808075,0.8606870174407959,0.8695651888847351,0.2998987138271332,0.3085421025753021,0.8695349533621218,0.8606870229007634,0.896600566572238,0.7865497076023392,0.8415751370872886,"[[633, 97], [49, 269]]"
10,5,30,64,0.5,0.8764586448669434,0.8338108658790588,0.8430540561676025,0.296857088804245,0.3679086565971374,0.8664812845183304,0.833810888252149,0.8703427719821163,0.7686170212765957,0.8194798966293559,"[[584, 146], [28, 289]]"
10,6,30,64,0.5,0.8745983242988586,0.8519579768180847,0.8632025718688965,0.3035558760166168,0.3171976208686828,0.8623731450063702,0.8519579751671442,0.8898365316275764,0.7743813682678311,0.8321089499477037,"[[626, 104], [51, 266]]"
10,7,30,64,0.5,0.8760358691215515,0.8576886057853699,0.847295880317688,0.2990519106388092,0.3221999704837799,0.8806988518456781,0.8576886341929322,0.8908424908424909,0.7956104252400549,0.8432264580412729,"[[608, 122], [27, 290]]"
10,8,30,64,0.5,0.8812785148620605,0.8767908215522766,0.8642629981040955,0.2891977429389953,0.2934915423393249,0.8863994707908316,0.8767908309455588,0.908315565031983,0.8122270742358079,0.8602713196338954,"[[639, 91], [38, 279]]"
10,9,30,64,0.5,0.8756130337715149,0.8701050877571106,0.8663839101791382,0.2961407005786896,0.3115438818931579,0.8869721000675037,0.8701050620821394,0.9015918958031838,0.8089887640449438,0.8552903299240637,"[[623, 107], [29, 288]]"
10,10,30,64,0.5,0.8781498670578003,0.862464189529419,0.8791092038154602,0.2938351035118103,0.3205260336399078,0.8689880042465569,0.8624641833810889,0.8987341772151899,0.7857142857142857,0.8422242314647378,"[[639, 91], [53, 264]]"
